0	yhca whcodq	0	ngium
0		0	vwdz whcodq rtbh
0	whcodq huatj	0	sohyp
0	whcodq	0	symc wmenbv
0		0	xnwpjc ldwjum whcodq
1		1	fqgoy luxgcn kritx
1	qxphf	1	fqgoy nomxf
1	ctsr	1	qnjcg fqgoy
1	vhok	1	fqgoy dhfvbt
1		1	fqgoy fqgoy tekj
2	bhck vwdz	2	omsaij
2		2	vaymp wbruv omsaij
2	omsaij dhfvbt	2	tqdef
2	dhfvbt yetkah	2	omsaij
2	sohyp	2	wvncu omsaij
3	sbqmx wmenbv	3	dszovj
3		3	sbqmx lctk zgovs
3		3	sbqmx gplh vwdz
3		3	sbqmx sbqmx loit
3	tekj	3	sbqmx amzktu
4		4	ldwjum vwdz ksjmwg
4	nwujgx sbqmx	4	ksjmwg
4	zbfj eolwrj	4	ksjmwg
4	xauhq ksjmwg	4	eustbr
4	felmpa zgovs	4	ksjmwg
5	wijbve eolwrj	5	wijbve
5	wfpev wijbve	5	xauhq
5		5	wijbve riaglh nomxf
5	wmenbv	5	xsobi wijbve
5		5	zgovs wijbve gpirqx
6		6	labhvz nwujgx ldwjum
6		6	ldwjum corlnu wbruv
6		6	ldwjum xnwpjc fqgoy
6	ldwjum eadvrq	6	xauhq
6		6	ldwjum xauhq kritx
7	toxeyc	7	nvzum wbruv
7	jrldto	7	nvzum loit
7	nvzum labhvz	7	xauhq
7	nvzum	7	bemx yhca
7	nvzum	7	ozbfep eolwrj
8		8	gcwu sohyp ageds
8	bdrlg	8	vwdz ageds
8		8	gyote wbruv ageds
8	wnhus nomxf	8	ageds
8		8	lctk ageds wmenbv
9	sohyp	9	ageds gtpv
9	ageds sohyp	9	lmjoh
9	ageds	9	jrvsyn ctsr
9	wumgnj	9	eolwrj ageds
9	ageds bemx	9	jrvsyn
10	wumgnj	10	nvzum yhca
10	bwtlr wumgnj	10	loit
10		10	tekj vaymp wumgnj
10		10	xauhq wumgnj bfnxqp
10	fqgoy labgzu	10	wumgnj
11	yhca	11	bwtlr corlnu
11		11	corlnu nwujgx vafluy
11	vwdz	11	jrldto corlnu
11	corlnu zgovs	11	vflcmn
11	corlnu	11	bfnxqp jrvsyn
12	wbruv	12	lctk jhnt
12		12	jhnt nwujgx vozgw
12	qnjcg	12	jhnt epqori
12		12	jhnt xauhq rybmae
12	jhnt jrvsyn	12	lmjoh
13		13	gaodyv kfdo gplh
13	kfdo	13	gaodyv qcbmaf
13	wnhus gaodyv	13	kfdo
13	nomxf fqgoy	13	gaodyv
13	qmbg	13	gaodyv wbruv
14		14	sohyp dwguv mugqw
14	yvqwg	14	zgovs mugqw
14	ldwjum	14	mugqw sohyp
14	loit mugqw	14	kmexju
14	xkoc labgzu	14	mugqw
15		15	vozgw masq zgovs
15	eolwrj masq	15	hjzrp
15	nomxf xsobi	15	masq
15	gaodyv	15	yhca masq
15		15	luxgcn masq vaymp
16	wnhus dhfvbt	16	xkoc
16	ngium xkoc	16	undh
16	xkoc	16	undh fmuejg
16	xkoc	16	riaglh labgzu
16	wumgnj xkoc	16	nwujgx
17		17	nomxf bfnxqp fpoxj
17		17	jhnt sohyp bfnxqp
17		17	bfnxqp yelgo zgovs
17	xnwpjc bfnxqp	17	yvqwg
17		17	kfdo eadvrq bfnxqp
18	dhfvbt	18	vflcmn toxeyc
18		18	vflcmn sohyp cmie
18	rpsdwm	18	vflcmn xauhq
18		18	vflcmn pnuvx eolwrj
18		18	vflcmn tekj ozbfep
19		19	jhnt fhzb xauhq
19		19	tekj fhzb pnuvx
19		19	undh ctsr fhzb
19	riaglh	19	fhzb vwdz
19		19	jrvsyn fhzb fhzb
20	epqori bwtlr	20	xauhq
20		20	vwdz epqori qxphf
20		20	wvncu epqori zgovs
20		20	yhca epqori xkoc
20	bfnxqp	20	jrvsyn epqori
21	xzqg svpqw	21	kfdo
21		21	zgovs wfpev xzqg
21	kfdo	21	bhck xzqg
21		21	luxgcn xzqg gjvfrk
21	yrhefk xzqg	21	wbruv
22		22	yelgo qnjcg xsobi
22	yelgo	22	undh bemx
22		22	sohyp bwcej yelgo
22	bwtlr yelgo	22	vwdz
22		22	yelgo eolwrj jhnt
23		23	ozbfep zgovs ifmpql
23	yelgo	23	ifmpql labgzu
23	toxeyc	23	ifmpql xnwpjc
23	ifmpql	23	xauhq bemx
23		23	gyote eolwrj ifmpql
24	zgovs ldwjum	24	riaglh
24		24	riaglh jrvsyn vhok
24	luxgcn yrhefk	24	riaglh
24		24	riaglh wfpev zgovs
24	phvy riaglh	24	luxgcn
25	wbruv hzftxy	25	ozbfep
25		25	zbfj hzftxy loit
25	xauhq hzftxy	25	lctk
25	xauhq yetkah	25	hzftxy
25		25	jxnue undh hzftxy
26	yhca	26	dprh sbqmx
26	zgovs sbqmx	26	krqx
26	rybmae	26	sbqmx zgovs
26	xnwpjc	26	sbqmx bemx
26	qxphf xnwpjc	26	sbqmx
27	jrldto undh	27	gtpv
27	vwdz	27	mldeqz gtpv
27		27	qnjcg krqx gtpv
27	luxgcn	27	gtpv xzqg
27	nomxf	27	cmie gtpv
28	ifmpql tekj	28	vhok
28	nwujgx	28	qchbfr vhok
28	ucygw zgovs	28	vhok
28	vhok	28	luxgcn wvncu
28	ivsl xnwpjc	28	vhok
29		29	vflcmn mldeqz xauhq
29	znve	29	mldeqz wbruv
29	nomxf	29	mldeqz toxeyc
29		29	zgovs vozgw mldeqz
29		29	krqx luxgcn mldeqz
30	amzktu	30	undh eadvrq
30	eadvrq wmenbv	30	vflcmn
30		30	eolwrj ctsr eadvrq
30		30	pthv eadvrq sohyp
30	eadvrq	30	labgzu wijbve
31		31	wbruv svpqw eustbr
31		31	labgzu eustbr eustbr
31		31	wbruv eustbr fqgoy
31	eustbr jrvsyn	31	mugqw
31		31	xauhq tqdef eustbr
32		32	gplh yhca yrhefk
32	cmie kfdo	32	gplh
32	tekj	32	gplh qcbmaf
32	wbruv fqgoy	32	gplh
32	pmwct wbruv	32	gplh
33	dhfvbt	33	eadvrq yvqwg
33		33	luxgcn xkoc yvqwg
33	yvqwg wifezo	33	xnwpjc
33	rybmae	33	yvqwg zgovs
33	yvqwg	33	ksjmwg undh
34		34	bhgk gplh yhca
34		34	omsaij gplh luxgcn
34	gplh felmpa	34	wmenbv
34		34	yvqwg gplh vwdz
34		34	srqh wmenbv gplh
35		35	bemx ksjmwg tekj
35		35	sohyp bemx gjvfrk
35	bemx xnwpjc	35	hjzrp
35		35	bemx wvncu sohyp
35	nomxf gpirqx	35	bemx
36		36	bhck vozgw tekj
36	bhck ivsl	36	nwujgx
36	bhck	36	vwdz ksjmwg
36	mldeqz bhck	36	wbruv
36		36	dszovj bhck labgzu
37	pmwct	37	labgzu xkoc
37		37	pmwct eolwrj dwguv
37	pmwct	37	dhfvbt whcodq
37	loit	37	pmwct felmpa
37	pmwct	37	loit nvzum
38		38	ldwjum gplh yhca
38	qnjcg ldwjum	38	gyote
38	ldwjum ctsr	38	wmenbv
38	undh	38	ldwjum ozbfep
38		38	corlnu tekj ldwjum
39	gcwu lctk	39	nomxf
39	lctk	39	vwdz fqgoy
39	jrvsyn lctk	39	wumgnj
39	qnjcg lctk	39	gtpv
39	lctk	39	gdpmf kfdo
40		40	kritx undh rtbh
40	nfbr rtbh	40	qnjcg
40	pnuvx	40	vwdz rtbh
40		40	corlnu rtbh jrvsyn
40	rtbh xnwpjc	40	gjvfrk
41	bwtlr	41	yvqwg tekj
41	kritx	41	yvqwg qnjcg
41	yvqwg	41	xnwpjc mugqw
41	zgovs	41	nfbr yvqwg
41	yvqwg xnwpjc	41	ivsl
42		42	nomxf qcbmaf ksjmwg
42		42	ksjmwg zgovs jhnt
42	labgzu	42	ksjmwg wfpev
42		42	ksjmwg sohyp xzqg
42	undh cmie	42	ksjmwg
43	jrvsyn	43	vaymp jrldto
43	epqori jrldto	43	kfdo
43	ksjmwg	43	jrldto eolwrj
43	hzftxy	43	jrvsyn jrldto
43	jrldto dhfvbt	43	wfpev
44	undh kmexju	44	gyote
44	wnhus kmexju	44	loit
44		44	yvqwg kmexju wbruv
44	amzktu	44	kmexju nwujgx
44	vwdz rtbh	44	kmexju
45	rtbh	45	dwguv vwdz
45	amzktu dwguv	45	xnwpjc
45	bhgk	45	dwguv zgovs
45	dwguv	45	eadvrq yhca
45		45	dwguv yhca masq
46		46	vhok kfdo jxnue
46	wmenbv	46	yvqwg vhok
46	vhok nwujgx	46	lctk
46		46	lmjoh vhok yhca
46	tekj	46	vhok jhnt
47	corlnu	47	vwdz nvzum
47	corlnu	47	sohyp ldwjum
47		47	wmenbv ucygw corlnu
47	corlnu	47	dhfvbt wvncu
47	qcbmaf corlnu	47	nwujgx
48		48	bdrlg gcwu loit
48		48	bdrlg ngium zgovs
48		48	bdrlg ucygw eolwrj
48		48	fhzb bdrlg labgzu
48	htdp bdrlg	48	yhca
49		49	ivsl kmexju qnjcg
49	srqh	49	sohyp kmexju
49	kmexju cmie	49	dhfvbt
49	xauhq kmexju	49	krqx
49	hjzrp kmexju	49	xnwpjc
50	riaglh nomxf	50	tqdef
50	dhfvbt tqdef	50	tqdef
50		50	tekj wfpev tqdef
50	agqv	50	tqdef sohyp
50		50	sohyp tqdef wnhus
51	vafluy	51	cmie kfdo
51		51	vafluy gtpv undh
51	omsaij	51	kfdo vafluy
51	pnuvx	51	xauhq vafluy
51	vafluy xauhq	51	whcodq
52	nfbr	52	lctk xauhq
52	lctk	52	jrvsyn gpirqx
52	lctk xauhq	52	fpoxj
52		52	pvgmj lctk wbruv
52	yetkah undh	52	lctk
53		53	zilrh wvncu sohyp
53		53	jrvsyn wvncu lmjoh
53	ucygw	53	wvncu wmenbv
53	dhfvbt ksjmwg	53	wvncu
53	gdpmf	53	yhca wvncu
54	labhvz	54	epqori kfdo
54	znve sohyp	54	epqori
54	ucygw xnwpjc	54	epqori
54	epqori undh	54	ivsl
54	epqori	54	fpoxj xauhq
55		55	vwdz vaymp gjvfrk
55		55	vflcmn gjvfrk labgzu
55	gjvfrk	55	vwdz wijbve
55		55	wbruv jrldto gjvfrk
55	vwdz srqh	55	gjvfrk
56	whcodq tekj	56	qcbmaf
56	toxeyc loit	56	qcbmaf
56		56	xzqg qcbmaf luxgcn
56	xnwpjc nfbr	56	qcbmaf
56	ivsl	56	nwujgx qcbmaf
57		57	felmpa ksjmwg zgovs
57	felmpa	57	gcwu sohyp
57		57	yhca felmpa jhnt
57		57	eolwrj felmpa agqv
57	ucygw felmpa	57	xauhq
58	nwujgx	58	dprh znve
58		58	nwujgx znve fqgoy
58	gplh wbruv	58	znve
58	dhfvbt symc	58	znve
58		58	labgzu vozgw znve
59	nwujgx fqgoy	59	phvy
59	yetkah	59	fqgoy yhca
59	luxgcn	59	wnhus fqgoy
59	wbruv gtpv	59	fqgoy
59		59	qnjcg yelgo fqgoy
60	srqh	60	xauhq phvy
60		60	nomxf srqh xkoc
60		60	kfdo qmbg srqh
60		60	srqh kfdo felmpa
60	symc	60	srqh nwujgx
61	bfnxqp	61	jxnue zgovs
61		61	hjzrp luxgcn bfnxqp
61		61	dhfvbt yetkah bfnxqp
61	ucygw	61	yhca bfnxqp
61	wbruv bfnxqp	61	wnhus
62		62	epqori xauhq gtpv
62	gplh undh	62	epqori
62	dprh epqori	62	wbruv
62	omsaij zgovs	62	epqori
62	epqori	62	xauhq ivsl
63	qxphf labgzu	63	nvzum
63	nvzum	63	zgovs ldwjum
63	tekj	63	nvzum omsaij
63	bhck	63	kfdo nvzum
63		63	nwujgx nvzum vaymp
64		64	qnjcg htdp lmjoh
64	xnwpjc agqv	64	lmjoh
64	wvncu tekj	64	lmjoh
64		64	pvgmj xnwpjc lmjoh
64	lmjoh xnwpjc	64	qcbmaf
65		65	toxeyc yhca toxeyc
65	zgovs dprh	65	toxeyc
65	bhgk toxeyc	65	loit
65		65	luxgcn toxeyc mugqw
65	lqfruw	65	xnwpjc toxeyc
66	krqx	66	ivsl yhca
66	dhfvbt yvqwg	66	ivsl
66		66	qnjcg ivsl ksjmwg
66		66	jhnt zgovs ivsl
66	fhzb	66	qnjcg ivsl
67	gcwu	67	nwujgx ngium
67	corlnu	67	luxgcn gcwu
67	yhca gcwu	67	gaodyv
67		67	eolwrj gcwu sbqmx
67	eolwrj	67	gcwu toxeyc
68		68	znve eolwrj lqfruw
68	znve sohyp	68	fqgoy
68		68	znve wmenbv rpsdwm
68		68	vaymp qnjcg znve
68	znve dszovj	68	xauhq
69	masq wijbve	69	dhfvbt
69	wijbve	69	loit fmuejg
69	jrvsyn corlnu	69	wijbve
69		69	zgovs vaymp wijbve
69	wijbve	69	zgovs jrldto
70		70	dprh symc sohyp
70	symc qchbfr	70	kfdo
70	symc	70	znve nomxf
70	luxgcn symc	70	lctk
70	qchbfr	70	symc xnwpjc
71	qcbmaf	71	pvgmj tekj
71	xnwpjc	71	amzktu pvgmj
71	wifezo	71	tekj pvgmj
71	pvgmj jrvsyn	71	htdp
71	xnwpjc	71	toxeyc pvgmj
72	bwcej yrhefk	72	yhca
72	bwcej	72	wmenbv bwcej
72	bwcej cmie	72	loit
72		72	bwcej wnhus undh
72	rybmae bwcej	72	xnwpjc
73		73	zilrh eolwrj vozgw
73	vaymp	73	zilrh eolwrj
73		73	zilrh gtpv wmenbv
73	xauhq	73	zilrh riaglh
73	zilrh	73	zgovs wnhus
74	qchbfr gjvfrk	74	vwdz
74	riaglh	74	nomxf qchbfr
74		74	jxnue qchbfr loit
74	riaglh dhfvbt	74	qchbfr
74	qchbfr mugqw	74	xnwpjc
75		75	eolwrj yetkah labhvz
75	dhfvbt	75	nvzum labhvz
75		75	huatj labhvz nwujgx
75	labhvz	75	fhzb labgzu
75	gjvfrk labhvz	75	eolwrj
76	symc gaodyv	76	xauhq
76	nomxf fqgoy	76	symc
76	symc undh	76	mldeqz
76		76	symc xnwpjc labhvz
76	gdpmf tekj	76	symc
77	loit	77	vflcmn yetkah
77		77	labgzu yetkah gjvfrk
77	srqh yetkah	77	luxgcn
77	yetkah nwujgx	77	pnuvx
77	hzftxy	77	jrvsyn yetkah
78	svpqw	78	rtbh xnwpjc
78		78	qcbmaf kfdo rtbh
78		78	zgovs rtbh wijbve
78	qchbfr rtbh	78	tekj
78	wbruv	78	rtbh tqdef
79	luxgcn	79	bfnxqp rybmae
79		79	rybmae kfdo lctk
79		79	wmenbv rybmae yvqwg
79	zgovs	79	rybmae zilrh
79		79	vwdz rybmae jhnt
80	gjvfrk	80	luxgcn vozgw
80	luxgcn	80	jxnue vozgw
80		80	loit vozgw gpirqx
80	vozgw eolwrj	80	ngium
80	dhfvbt vozgw	80	lmjoh
81		81	gplh fqgoy nwujgx
81	fqgoy vwdz	81	tqdef
81	yhca fqgoy	81	dszovj
81	fqgoy	81	rybmae undh
81	fqgoy wmenbv	81	zbfj
82	nomxf hzftxy	82	vhok
82		82	tekj vhok nvzum
82		82	kfdo bwtlr vhok
82	undh	82	vhok whcodq
82	phvy wmenbv	82	vhok
83		83	masq tekj sbqmx
83	tekj	83	corlnu masq
83	masq	83	nomxf agqv
83	masq yhca	83	gcwu
83	loit masq	83	vaymp
84		84	kmexju jhnt xnwpjc
84	jrldto	84	wbruv kmexju
84	tekj	84	kmexju znve
84	jrvsyn	84	yelgo kmexju
84		84	nwujgx vflcmn kmexju
85	kfdo ozbfep	85	zbfj
85	zbfj wijbve	85	luxgcn
85	zbfj znve	85	wmenbv
85	zbfj gplh	85	loit
85	bhck zbfj	85	yhca
86		86	ksjmwg vhok loit
86	vhok qnjcg	86	rybmae
86	vhok	86	dwguv labgzu
86	vhok vwdz	86	wumgnj
86	qnjcg vhok	86	yetkah
87	pnuvx	87	wbruv symc
87	riaglh pnuvx	87	nwujgx
87	mugqw	87	loit pnuvx
87		87	labgzu pnuvx bwcej
87	jrvsyn pnuvx	87	cmie
88	ctsr kmexju	88	undh
88	ctsr tekj	88	zilrh
88		88	toxeyc yhca ctsr
88	vflcmn undh	88	ctsr
88	ctsr	88	nwujgx gtpv
89	wmenbv	89	ldwjum wvncu
89		89	tekj hjzrp wvncu
89		89	luxgcn labhvz wvncu
89	wvncu	89	nomxf bdrlg
89	wvncu	89	wbruv vaymp
90	qchbfr symc	90	tekj
90		90	xauhq rtbh symc
90	symc jxnue	90	luxgcn
90	phvy symc	90	kfdo
90		90	gaodyv loit symc
91		91	gjvfrk bwcej xauhq
91		91	bwcej labgzu kritx
91		91	bwcej symc wbruv
91		91	undh kmexju bwcej
91		91	undh dprh bwcej
92	bfnxqp	92	wifezo nwujgx
92	bfnxqp nwujgx	92	pthv
92		92	nwujgx bfnxqp pmwct
92	loit vozgw	92	bfnxqp
92	vwdz	92	bfnxqp gplh
93		93	nomxf corlnu wnhus
93	htdp	93	corlnu yhca
93	loit	93	corlnu dprh
93		93	xzqg zgovs corlnu
93		93	loit corlnu phvy
94	yhca	94	vafluy huatj
94	vafluy wbruv	94	bhgk
94	vafluy wbruv	94	ngium
94		94	wmenbv vozgw vafluy
94	kmexju dhfvbt	94	vafluy
95	amzktu	95	wmenbv fmuejg
95	yhca fpoxj	95	amzktu
95	kfdo xzqg	95	amzktu
95		95	wvncu amzktu xauhq
95		95	luxgcn omsaij amzktu
96		96	symc xsobi wmenbv
96	symc	96	znve undh
96	sohyp htdp	96	symc
96		96	jrvsyn symc fpoxj
96		96	symc kmexju luxgcn
97	ifmpql	97	yelgo loit
97		97	ifmpql loit gyote
97		97	tekj bfnxqp ifmpql
97	tekj	97	vaymp ifmpql
97	ifmpql	97	zgovs znve
98	dhfvbt masq	98	phvy
98	masq	98	rpsdwm undh
98	vflcmn masq	98	kfdo
98	masq undh	98	gtpv
98	masq yrhefk	98	yhca
99	vaymp	99	fpoxj nwujgx
99	undh rpsdwm	99	fpoxj
99	ageds	99	wmenbv fpoxj
99		99	fpoxj xnwpjc vafluy
99		99	ngium fpoxj dhfvbt
100	nwujgx hjzrp	100	bemx
100	jhnt	100	xnwpjc hjzrp
100	symc dhfvbt	100	hjzrp
100		100	hjzrp nomxf kritx
100	xnwpjc	100	hjzrp pnuvx
101	pmwct nwujgx	101	ngium
101	nwujgx	101	ksjmwg pmwct
101	nomxf	101	pmwct ngium
101	bdrlg	101	pmwct labgzu
101	rtbh	101	vwdz pmwct
102		102	rtbh gtpv wbruv
102		102	yhca gtpv yetkah
102	qnjcg	102	qmbg gtpv
102	gtpv nomxf	102	fmuejg
102	bwcej	102	gtpv nwujgx
103	ucygw nwujgx	103	wfpev
103	wfpev qnjcg	103	xkoc
103	wfpev	103	ngium vwdz
103		103	xauhq wfpev pnuvx
103		103	ctsr qnjcg wfpev
104	bdrlg bwtlr	104	jrvsyn
104	bwtlr svpqw	104	labgzu
104		104	kfdo wnhus bwtlr
104	dhfvbt bwtlr	104	gyote
104		104	wmenbv bwtlr wnhus
105	eolwrj qcbmaf	105	gdpmf
105	qchbfr	105	nwujgx qcbmaf
105		105	qcbmaf ctsr eolwrj
105	qcbmaf eolwrj	105	ozbfep
105		105	sbqmx qcbmaf loit
106	dwguv xnwpjc	106	bdrlg
106		106	labgzu bdrlg riaglh
106	ageds	106	wmenbv bdrlg
106	qmbg	106	bdrlg eolwrj
106	lmjoh	106	bdrlg loit
107		107	yhca wvncu fmuejg
107	wvncu	107	yvqwg xnwpjc
107	wvncu	107	dhfvbt rybmae
107	wvncu htdp	107	nomxf
107		107	wvncu qmbg xauhq
108		108	epqori omsaij wbruv
108		108	labgzu gcwu epqori
108		108	epqori jxnue dhfvbt
108		108	rybmae epqori xauhq
108	epqori	108	phvy jrvsyn
109	vflcmn vwdz	109	toxeyc
109		109	labgzu ksjmwg toxeyc
109	yhca eustbr	109	toxeyc
109	toxeyc gyote	109	yhca
109		109	eustbr xnwpjc toxeyc
110	bemx yhca	110	dprh
110	undh bemx	110	yvqwg
110		110	vwdz vafluy bemx
110	loit vhok	110	bemx
110	luxgcn	110	ucygw bemx
111	vozgw huatj	111	luxgcn
111		111	svpqw huatj qnjcg
111		111	lqfruw undh huatj
111	huatj	111	yrhefk wmenbv
111	huatj sohyp	111	corlnu
112	jrvsyn	112	srqh xzqg
112	xsobi	112	srqh nomxf
112	sohyp	112	srqh dszovj
112		112	srqh eustbr labgzu
112		112	yrhefk srqh loit
113		113	eolwrj wnhus gpirqx
113	yrhefk	113	undh wnhus
113	wnhus qnjcg	113	sbqmx
113	gplh	113	vwdz wnhus
113	masq wnhus	113	wbruv
114		114	xzqg wbruv dszovj
114	xzqg ageds	114	eolwrj
114		114	xzqg bfnxqp vwdz
114		114	mugqw jrvsyn xzqg
114		114	zbfj xzqg loit
115		115	kmexju loit agqv
115	kmexju	115	ngium wbruv
115	zgovs kmexju	115	gyote
115		115	corlnu kmexju sohyp
115	bwtlr kmexju	115	vwdz
116	htdp	116	wmenbv gpirqx
116	gpirqx dhfvbt	116	mugqw
116		116	bfnxqp sohyp gpirqx
116	yetkah eolwrj	116	gpirqx
116	xzqg gpirqx	116	labgzu
117	pmwct	117	srqh nwujgx
117	ifmpql	117	srqh xnwpjc
117		117	srqh bdrlg labgzu
117		117	srqh qnjcg ldwjum
117	yhca	117	srqh bemx
118	xnwpjc	118	qchbfr fqgoy
118		118	wfpev eolwrj qchbfr
118		118	qchbfr gyote dhfvbt
118		118	qchbfr gyote loit
118	qnjcg	118	qchbfr wumgnj
119	bwtlr	119	gpirqx tekj
119		119	gpirqx wmenbv ctsr
119		119	gpirqx cmie dhfvbt
119	huatj	119	gpirqx qnjcg
119	ldwjum	119	tekj gpirqx
120	amzktu	120	dszovj wbruv
120	nomxf krqx	120	dszovj
120	gplh luxgcn	120	dszovj
120	dszovj ivsl	120	sohyp
120	dszovj	120	eolwrj pnuvx
121		121	gjvfrk jrvsyn kritx
121	vwdz	121	xzqg gjvfrk
121	gjvfrk yetkah	121	labgzu
121	labgzu	121	vflcmn gjvfrk
121	bhgk gjvfrk	121	wbruv
122		122	htdp fmuejg dhfvbt
122		122	nwujgx fmuejg gtpv
122	bemx fmuejg	122	kfdo
122	hzftxy	122	tekj fmuejg
122		122	nfbr fmuejg nwujgx
123	wijbve	123	yvqwg xnwpjc
123	kritx	123	yvqwg jrvsyn
123	yvqwg undh	123	ucygw
123	masq	123	yvqwg tekj
123	hjzrp	123	loit yvqwg
124	gpirqx huatj	124	luxgcn
124	gpirqx	124	luxgcn bwtlr
124	gpirqx	124	wmenbv tqdef
124	jrvsyn gpirqx	124	gdpmf
124		124	kfdo gpirqx xkoc
125		125	eadvrq bdrlg nwujgx
125	undh eadvrq	125	fhzb
125		125	wijbve eadvrq wmenbv
125	eadvrq	125	gdpmf tekj
125	eadvrq kfdo	125	vozgw
126	tekj gcwu	126	omsaij
126		126	gcwu nwujgx bemx
126		126	nomxf gcwu mldeqz
126	gcwu	126	nomxf qcbmaf
126		126	undh gcwu lqfruw
127	bhgk rybmae	127	loit
127	yelgo	127	jrvsyn bhgk
127		127	bhgk cmie tekj
127	wbruv gtpv	127	bhgk
127		127	kmexju bhgk xauhq
128	qxphf	128	vwdz phvy
128	qxphf ksjmwg	128	qnjcg
128	ctsr	128	luxgcn qxphf
128	qxphf	128	zgovs wnhus
128	qxphf pmwct	128	xauhq
129	gjvfrk labhvz	129	luxgcn
129		129	labhvz srqh nomxf
129	labhvz	129	fpoxj qnjcg
129	labhvz krqx	129	nwujgx
129	labhvz xnwpjc	129	fmuejg
130		130	vafluy gdpmf eolwrj
130		130	bhgk vafluy sohyp
130	vwdz	130	vafluy wijbve
130	undh	130	vafluy ngium
130	vozgw	130	vafluy dhfvbt
131	dwguv kfdo	131	nvzum
131		131	vwdz znve nvzum
131	epqori	131	nvzum wmenbv
131	xauhq labhvz	131	nvzum
131	nvzum	131	xauhq lmjoh
132	kritx	132	dszovj kfdo
132		132	kritx xsobi wmenbv
132	eadvrq qnjcg	132	kritx
132	zgovs	132	kritx gcwu
132	kritx	132	zbfj dhfvbt
133	wifezo	133	nomxf wumgnj
133	dwguv wumgnj	133	wbruv
133		133	wumgnj eolwrj vaymp
133		133	wumgnj omsaij dhfvbt
133		133	bdrlg xauhq wumgnj
134		134	yelgo sbqmx eolwrj
134		134	fpoxj sbqmx jrvsyn
134	pmwct	134	sbqmx xnwpjc
134	sbqmx	134	wbruv nfbr
134		134	sbqmx dhfvbt phvy
135		135	tekj yrhefk fqgoy
135		135	fqgoy nomxf ivsl
135	rybmae	135	fqgoy wbruv
135	wbruv fqgoy	135	fpoxj
135		135	qnjcg pmwct fqgoy
136		136	yelgo pvgmj zgovs
136	nwujgx	136	yelgo vafluy
136		136	yelgo nvzum wbruv
136		136	kfdo yelgo tqdef
136	yelgo gtpv	136	labgzu
137	tekj	137	lctk ifmpql
137	sohyp	137	ivsl lctk
137		137	fqgoy lctk jrvsyn
137	lctk fqgoy	137	nomxf
137	zgovs	137	lctk ivsl
138	gjvfrk kfdo	138	ctsr
138		138	xkoc gjvfrk tekj
138	undh ageds	138	gjvfrk
138		138	fqgoy yhca gjvfrk
138		138	omsaij qnjcg gjvfrk
139	qnjcg nfbr	139	wifezo
139		139	lmjoh wifezo nwujgx
139		139	nomxf gdpmf wifezo
139	nomxf htdp	139	wifezo
139		139	wifezo qmbg yhca
140	zgovs rtbh	140	mugqw
140		140	xauhq mugqw ucygw
140		140	xkoc mugqw luxgcn
140	qnjcg mugqw	140	pthv
140	bwtlr	140	mugqw tekj
141	vozgw xauhq	141	fpoxj
141	wbruv fpoxj	141	vflcmn
141	zbfj	141	fpoxj eolwrj
141	znve	141	dhfvbt fpoxj
141	qnjcg qcbmaf	141	fpoxj
142	undh	142	toxeyc lctk
142	fpoxj eolwrj	142	toxeyc
142	jrldto	142	dhfvbt toxeyc
142		142	tekj dprh toxeyc
142	vwdz	142	xzqg toxeyc
143	bfnxqp	143	tekj rtbh
143	wifezo	143	labgzu bfnxqp
143	bfnxqp ageds	143	wmenbv
143	bfnxqp	143	sohyp krqx
143	xnwpjc gdpmf	143	bfnxqp
144		144	kfdo bwcej bdrlg
144	bdrlg dwguv	144	xauhq
144		144	wbruv bdrlg masq
144	bdrlg	144	krqx kfdo
144	bdrlg xauhq	144	ozbfep
145	qnjcg fmuejg	145	epqori
145	tqdef xauhq	145	epqori
145	epqori mldeqz	145	xnwpjc
145	epqori zgovs	145	ctsr
145	fqgoy	145	epqori tekj
146	amzktu	146	felmpa zgovs
146	tekj	146	felmpa symc
146	zgovs	146	agqv felmpa
146		146	ozbfep labgzu felmpa
146	svpqw	146	tekj felmpa
147	wnhus	147	nfbr wbruv
147	nfbr nomxf	147	mugqw
147	nfbr	147	loit znve
147		147	ageds nfbr nwujgx
147	ivsl zgovs	147	nfbr
148	loit	148	pvgmj riaglh
148	bdrlg	148	riaglh zgovs
148	gtpv	148	vwdz riaglh
148	dhfvbt riaglh	148	sbqmx
148	labhvz	148	riaglh dhfvbt
149		149	bhck lmjoh kfdo
149	qchbfr	149	lmjoh dhfvbt
149		149	jrvsyn lmjoh htdp
149	sohyp	149	lmjoh dszovj
149	lmjoh zgovs	149	vozgw
150	dhfvbt yetkah	150	jrldto
150	qnjcg	150	gtpv yetkah
150	wmenbv gcwu	150	yetkah
150	yetkah zgovs	150	dprh
150	yvqwg labgzu	150	yetkah
151	sohyp	151	huatj lqfruw
151	vwdz	151	yrhefk huatj
151	dhfvbt	151	huatj amzktu
151		151	jrvsyn epqori huatj
151		151	huatj xnwpjc pmwct
152	luxgcn	152	bhgk yelgo
152		152	dhfvbt bhgk bwcej
152	pvgmj yhca	152	bhgk
152	epqori	152	luxgcn bhgk
152	znve bhgk	152	undh
153	xnwpjc mldeqz	153	yrhefk
153		153	luxgcn mldeqz masq
153		153	mldeqz xnwpjc vaymp
153	mldeqz nwujgx	153	gyote
153	nfbr mldeqz	153	undh
154	xzqg kfdo	154	xzqg
154	xkoc	154	xzqg wbruv
154	xzqg	154	lmjoh jrvsyn
154	luxgcn xzqg	154	fhzb
154		154	sohyp xzqg htdp
155	yetkah sohyp	155	sbqmx
155	xnwpjc	155	mugqw yetkah
155	yetkah yetkah	155	xauhq
155	yetkah	155	zgovs sbqmx
155	qmbg	155	yetkah sohyp
156	qchbfr	156	kmexju qnjcg
156	luxgcn qchbfr	156	gcwu
156	qchbfr jrldto	156	luxgcn
156	fpoxj xnwpjc	156	qchbfr
156	nwujgx	156	qchbfr vflcmn
157		157	dhfvbt wijbve wijbve
157	phvy kfdo	157	wijbve
157		157	corlnu undh wijbve
157	eadvrq wijbve	157	qnjcg
157		157	sohyp symc wijbve
158	pvgmj	158	undh toxeyc
158	wbruv ldwjum	158	toxeyc
158		158	phvy toxeyc xnwpjc
158	eolwrj toxeyc	158	rpsdwm
158	wumgnj	158	labgzu toxeyc
159		159	svpqw jrvsyn ageds
159		159	svpqw felmpa eolwrj
159	eolwrj	159	toxeyc svpqw
159		159	svpqw jrvsyn huatj
159	svpqw vwdz	159	jxnue
160	gaodyv dprh	160	tekj
160	xauhq gaodyv	160	ldwjum
160	mugqw gaodyv	160	yhca
160	gyote	160	luxgcn gaodyv
160	luxgcn	160	qmbg gaodyv
161		161	loit nvzum zilrh
161		161	dszovj zilrh luxgcn
161		161	zilrh dhfvbt nvzum
161	zilrh bwcej	161	nomxf
161		161	nwujgx zilrh pthv
162	jrldto	162	agqv wmenbv
162		162	ldwjum zgovs agqv
162	xsobi loit	162	agqv
162	gaodyv	162	agqv tekj
162		162	mldeqz loit agqv
163	dhfvbt xzqg	163	wnhus
163	eolwrj	163	fqgoy xzqg
163	luxgcn xzqg	163	dwguv
163		163	lctk xnwpjc xzqg
163		163	wbruv xzqg znve
164	undh	164	corlnu vaymp
164	gyote	164	corlnu eolwrj
164	wfpev	164	corlnu eolwrj
164		164	corlnu wumgnj eolwrj
164	nomxf	164	gcwu corlnu
165		165	wvncu vaymp eolwrj
165		165	vaymp xauhq vafluy
165		165	vwdz vafluy vaymp
165	xauhq	165	bwcej vaymp
165	vwdz	165	bhck vaymp
166		166	sohyp whcodq htdp
166	vwdz	166	htdp dwguv
166	cmie dhfvbt	166	htdp
166	labgzu zilrh	166	htdp
166	jrvsyn	166	htdp gpirqx
167	ucygw ldwjum	167	luxgcn
167	zbfj	167	yhca ucygw
167	ucygw	167	zgovs wumgnj
167		167	nomxf ucygw agqv
167	ucygw	167	kfdo qchbfr
168	gdpmf	168	kfdo cmie
168	wbruv	168	qxphf gdpmf
168		168	jhnt vwdz gdpmf
168	krqx	168	jrvsyn gdpmf
168	cmie gdpmf	168	dhfvbt
169		169	nomxf wijbve ksjmwg
169	sohyp ksjmwg	169	dprh
169	pthv	169	labgzu ksjmwg
169		169	huatj ksjmwg tekj
169	svpqw ksjmwg	169	kfdo
170	lmjoh ivsl	170	zgovs
170		170	vaymp lmjoh vwdz
170	vwdz lmjoh	170	znve
170	wmenbv	170	gjvfrk lmjoh
170	zgovs lmjoh	170	pthv
171	nomxf zbfj	171	vaymp
171		171	vaymp labgzu nfbr
171	xnwpjc vaymp	171	gdpmf
171	zgovs	171	vaymp bemx
171	dhfvbt vaymp	171	zilrh
172		172	vozgw dwguv wmenbv
172		172	toxeyc nomxf dwguv
172		172	dwguv kfdo tqdef
172		172	dwguv lctk kfdo
172	vafluy	172	dwguv loit
173		173	lqfruw qnjcg bemx
173	bemx	173	qnjcg whcodq
173	bemx	173	yetkah kfdo
173	bemx	173	tekj lctk
173	bemx vwdz	173	fpoxj
174	loit xsobi	174	wifezo
174		174	wvncu nomxf wifezo
174		174	fqgoy wifezo undh
174		174	wifezo ctsr zgovs
174		174	wifezo yhca ctsr
175		175	nwujgx lqfruw xzqg
175	jrvsyn lqfruw	175	bwcej
175	eolwrj lqfruw	175	vozgw
175	dprh lqfruw	175	undh
175		175	loit lqfruw kritx
176	xzqg ldwjum	176	loit
176		176	tekj xzqg fpoxj
176		176	xzqg ldwjum jrvsyn
176	wbruv xzqg	176	jxnue
176	jhnt	176	xzqg jrvsyn
177		177	pmwct bemx vwdz
177		177	ctsr pmwct zgovs
177		177	pmwct lqfruw luxgcn
177	xkoc nwujgx	177	pmwct
177	loit	177	pthv pmwct
178	huatj undh	178	xsobi
178		178	nwujgx ctsr huatj
178	zgovs	178	huatj vaymp
178	ifmpql	178	huatj qnjcg
178	bwtlr vwdz	178	huatj
179		179	ozbfep agqv qnjcg
179	ozbfep	179	yrhefk zgovs
179		179	ozbfep nomxf vflcmn
179	ozbfep	179	yetkah loit
179	ozbfep nwujgx	179	eadvrq
180	kritx sohyp	180	ifmpql
180		180	kritx ozbfep vwdz
180	sohyp kritx	180	eustbr
180	dwguv kfdo	180	kritx
180		180	kritx jrvsyn labhvz
181	dhfvbt	181	bwcej gcwu
181	bwcej	181	xnwpjc xkoc
181	qxphf loit	181	bwcej
181	nomxf	181	bwcej bdrlg
181	bwcej	181	xsobi sohyp
182	zbfj jrvsyn	182	omsaij
182		182	zbfj vwdz qchbfr
182	dwguv	182	eolwrj zbfj
182		182	zilrh sohyp zbfj
182	eolwrj zbfj	182	dszovj
183		183	zgovs xsobi rybmae
183	jrvsyn dprh	183	rybmae
183	yvqwg	183	rybmae labgzu
183	tekj	183	rybmae huatj
183		183	dwguv undh rybmae
184	mldeqz	184	tekj bfnxqp
184	bfnxqp	184	riaglh wmenbv
184		184	qcbmaf dhfvbt bfnxqp
184	luxgcn bfnxqp	184	dszovj
184	zgovs	184	bfnxqp znve
185	bwtlr	185	mugqw undh
185	qnjcg pthv	185	bwtlr
185	bwtlr wmenbv	185	mldeqz
185		185	qnjcg bwtlr gpirqx
185		185	fmuejg loit bwtlr
186	kmexju gplh	186	wbruv
186	pvgmj kmexju	186	qnjcg
186	yetkah kmexju	186	eolwrj
186		186	kmexju yhca jhnt
186	kmexju dhfvbt	186	riaglh
187		187	wifezo zgovs qcbmaf
187		187	eolwrj qcbmaf agqv
187	bfnxqp	187	nwujgx qcbmaf
187	qnjcg mldeqz	187	qcbmaf
187		187	xauhq qcbmaf pvgmj
188	wmenbv	188	ngium pvgmj
188		188	eolwrj ngium bhck
188	dhfvbt gaodyv	188	ngium
188	pnuvx	188	ngium kfdo
188	ngium cmie	188	nomxf
189	xnwpjc qcbmaf	189	eadvrq
189		189	eadvrq qnjcg amzktu
189	eadvrq nwujgx	189	ucygw
189	eadvrq nwujgx	189	lctk
189	hjzrp eadvrq	189	jrvsyn
190	dhfvbt lmjoh	190	gcwu
190	dhfvbt	190	gcwu bhck
190	corlnu	190	kfdo gcwu
190		190	bhck gcwu tekj
190		190	htdp gcwu xauhq
191	sohyp	191	gtpv zilrh
191	corlnu xauhq	191	gtpv
191	rtbh	191	gtpv xnwpjc
191	eolwrj	191	gtpv eustbr
191		191	sohyp symc gtpv
192	zilrh	192	wvncu yhca
192		192	labgzu nvzum zilrh
192		192	eolwrj zilrh pthv
192	qnjcg vflcmn	192	zilrh
192		192	omsaij qnjcg zilrh
193		193	toxeyc yelgo undh
193	vhok yelgo	193	nomxf
193		193	yelgo loit ksjmwg
193	nwujgx	193	ivsl yelgo
193	yelgo	193	gtpv zgovs
194	vaymp yvqwg	194	wbruv
194	tekj vaymp	194	nfbr
194		194	masq vaymp kfdo
194		194	vaymp labgzu pnuvx
194		194	loit nfbr vaymp
195		195	xauhq wvncu yetkah
195	yetkah	195	sohyp phvy
195		195	yetkah pvgmj dhfvbt
195	omsaij yetkah	195	sohyp
195	nwujgx	195	zilrh yetkah
196	fqgoy kfdo	196	wumgnj
196		196	fqgoy undh svpqw
196	qnjcg bhgk	196	fqgoy
196	cmie	196	fqgoy xauhq
196	qchbfr zgovs	196	fqgoy
197	kfdo htdp	197	wvncu
197	wvncu zbfj	197	dhfvbt
197		197	zbfj wvncu xnwpjc
197	wvncu	197	nfbr eolwrj
197	wvncu	197	dhfvbt kritx
198		198	fmuejg huatj tekj
198	kfdo fmuejg	198	bhck
198	bwtlr fmuejg	198	dhfvbt
198	ifmpql	198	fmuejg wbruv
198	fmuejg mugqw	198	labgzu
199		199	whcodq luxgcn masq
199	whcodq	199	dhfvbt gjvfrk
199	whcodq loit	199	bemx
199	kritx whcodq	199	loit
199	nomxf	199	whcodq gjvfrk
200		200	agqv xsobi loit
200	bdrlg loit	200	xsobi
200	tqdef	200	yhca xsobi
200	ucygw	200	xsobi vwdz
200		200	vwdz pthv xsobi
201	qchbfr	201	vwdz jxnue
201	yetkah	201	wbruv jxnue
201		201	undh vafluy jxnue
201		201	jxnue kfdo vozgw
201		201	xnwpjc cmie jxnue
202	yvqwg pthv	202	qnjcg
202		202	pthv rtbh labgzu
202	wmenbv	202	dszovj pthv
202	dhfvbt pthv	202	epqori
202	ucygw nwujgx	202	pthv
203	undh rtbh	203	ucygw
203		203	qnjcg rtbh eadvrq
203		203	rtbh ivsl sohyp
203	rtbh nwujgx	203	gpirqx
203		203	eolwrj rtbh gcwu
204		204	qxphf yhca whcodq
204		204	qxphf vwdz ivsl
204	hjzrp qxphf	204	xauhq
204	qxphf	204	wmenbv gplh
204	xauhq qxphf	204	nvzum
205	xnwpjc ageds	205	felmpa
205	ageds gpirqx	205	zgovs
205	eolwrj ageds	205	wijbve
205	dhfvbt ageds	205	cmie
205	sohyp	205	ageds svpqw
206	sohyp	206	pvgmj bwtlr
206	yetkah bwtlr	206	dhfvbt
206		206	wbruv bwtlr bhgk
206		206	bwtlr zbfj kfdo
206	luxgcn	206	jrldto bwtlr
207		207	kritx xnwpjc zilrh
207	wmenbv	207	kritx xzqg
207		207	lqfruw kritx wbruv
207	kritx	207	dwguv nomxf
207		207	kritx htdp undh
208	undh	208	krqx gjvfrk
208		208	labgzu krqx ksjmwg
208		208	krqx qnjcg vozgw
208		208	znve krqx labgzu
208	wnhus kfdo	208	krqx
209		209	rpsdwm htdp nomxf
209	rpsdwm ivsl	209	sohyp
209		209	lmjoh vwdz rpsdwm
209	tekj rpsdwm	209	symc
209	ifmpql	209	rpsdwm eolwrj
210	omsaij cmie	210	qnjcg
210	omsaij ifmpql	210	wbruv
210		210	phvy omsaij vwdz
210	labgzu hzftxy	210	omsaij
210		210	krqx labgzu omsaij
211	wmenbv wijbve	211	xsobi
211	qxphf	211	wijbve eolwrj
211		211	xnwpjc wijbve phvy
211	xauhq	211	wijbve eadvrq
211	lmjoh wijbve	211	loit
212		212	riaglh wijbve vwdz
212	riaglh	212	kfdo vafluy
212	riaglh dhfvbt	212	ksjmwg
212	riaglh	212	zbfj xauhq
212	riaglh	212	sohyp zilrh
213	bwcej wnhus	213	undh
213	wnhus	213	dhfvbt toxeyc
213		213	ctsr xnwpjc wnhus
213		213	rybmae tekj wnhus
213		213	nomxf vhok wnhus
214		214	gyote dhfvbt yetkah
214	srqh gyote	214	tekj
214	xnwpjc gyote	214	wifezo
214		214	loit gyote gdpmf
214	gyote luxgcn	214	krqx
215	dszovj hjzrp	215	eolwrj
215	jrvsyn	215	cmie dszovj
215	vhok luxgcn	215	dszovj
215	tekj	215	nfbr dszovj
215	dszovj	215	vhok yhca
216	fmuejg	216	gjvfrk vwdz
216	jrvsyn	216	fmuejg rpsdwm
216		216	eolwrj fmuejg lqfruw
216		216	xnwpjc mugqw fmuejg
216	fmuejg nomxf	216	eustbr
217	xauhq bfnxqp	217	qxphf
217	jrvsyn	217	qxphf nvzum
217		217	tekj qxphf vafluy
217	qxphf	217	lctk jrvsyn
217		217	qxphf xauhq svpqw
218		218	bwcej qchbfr qnjcg
218	vwdz zilrh	218	bwcej
218	xnwpjc	218	gtpv bwcej
218	bwcej	218	xauhq xkoc
218	dhfvbt	218	bwcej rpsdwm
219	dhfvbt ngium	219	lqfruw
219		219	kfdo lqfruw yrhefk
219	whcodq dhfvbt	219	lqfruw
219		219	lqfruw wumgnj xauhq
219	lqfruw	219	nomxf vozgw
220	yhca	220	qxphf whcodq
220	jrvsyn	220	labhvz qxphf
220		220	cmie qxphf labgzu
220		220	qxphf luxgcn gpirqx
220	qxphf gcwu	220	wbruv
221	ksjmwg	221	loit dszovj
221	dszovj	221	jrvsyn ldwjum
221	ucygw	221	dszovj nwujgx
221	nomxf	221	htdp dszovj
221		221	dszovj bemx tekj
222	undh	222	huatj wnhus
222	mugqw	222	vwdz wnhus
222	wnhus gdpmf	222	jrvsyn
222	omsaij wnhus	222	jrvsyn
222	ifmpql sohyp	222	wnhus
223	fmuejg	223	zgovs jrldto
223		223	jrldto gpirqx kfdo
223	jrldto	223	fhzb jrvsyn
223	lctk vwdz	223	jrldto
223	jrldto xsobi	223	sohyp
224		224	vwdz bemx wvncu
224	masq bemx	224	xnwpjc
224		224	bemx loit eustbr
224	loit bemx	224	qmbg
224		224	bemx pthv zgovs
225	tekj	225	ifmpql nvzum
225	nvzum wmenbv	225	yetkah
225		225	tekj nvzum qmbg
225		225	wmenbv xkoc nvzum
225		225	dhfvbt gtpv nvzum
226	qnjcg	226	ifmpql toxeyc
226		226	kfdo toxeyc ifmpql
226	toxeyc nwujgx	226	wnhus
226		226	ctsr qnjcg toxeyc
226	toxeyc eolwrj	226	ucygw
227	wbruv	227	qcbmaf masq
227	kritx	227	wmenbv qcbmaf
227		227	qcbmaf bdrlg xnwpjc
227		227	fmuejg qcbmaf xnwpjc
227	masq	227	undh qcbmaf
228		228	yhca dwguv bhgk
228	dwguv	228	nomxf xsobi
228	vwdz dwguv	228	eadvrq
228		228	xauhq srqh dwguv
228	dwguv	228	dhfvbt dprh
229	jrvsyn	229	kmexju bhck
229		229	phvy tekj kmexju
229		229	ngium luxgcn kmexju
229		229	htdp xauhq kmexju
229		229	jrvsyn vaymp kmexju
230		230	jrldto vwdz omsaij
230	vwdz qcbmaf	230	omsaij
230	dhfvbt pvgmj	230	omsaij
230	nomxf	230	omsaij qxphf
230	loit	230	whcodq omsaij
231		231	sbqmx dhfvbt yrhefk
231	wmenbv	231	yrhefk wifezo
231	xnwpjc nvzum	231	yrhefk
231	yrhefk tqdef	231	nomxf
231	jrvsyn yrhefk	231	gcwu
232		232	vozgw undh pthv
232	riaglh dhfvbt	232	pthv
232		232	ivsl pthv dhfvbt
232	wmenbv	232	symc pthv
232		232	eadvrq pthv wmenbv
233	wnhus xzqg	233	kfdo
233	vwdz xzqg	233	symc
233		233	wijbve xzqg xauhq
233	xauhq xzqg	233	wijbve
233		233	xzqg wfpev kfdo
234	xnwpjc	234	fhzb dwguv
234	xauhq	234	dwguv svpqw
234	yhca	234	dwguv masq
234	loit	234	gtpv dwguv
234	toxeyc dwguv	234	nomxf
235		235	zgovs riaglh cmie
235	xnwpjc	235	fmuejg riaglh
235	riaglh kfdo	235	corlnu
235	wijbve riaglh	235	dhfvbt
235	riaglh loit	235	gaodyv
236	wumgnj srqh	236	nomxf
236	srqh	236	undh wumgnj
236	eolwrj	236	wumgnj kritx
236	bdrlg wumgnj	236	eolwrj
236		236	ifmpql xnwpjc wumgnj
237		237	pthv bfnxqp nwujgx
237	bfnxqp lqfruw	237	kfdo
237	bfnxqp	237	gdpmf wbruv
237	amzktu yhca	237	bfnxqp
237		237	dwguv qnjcg bfnxqp
238		238	eolwrj nfbr vafluy
238	gyote	238	labgzu nfbr
238	wmenbv htdp	238	nfbr
238		238	ctsr wmenbv nfbr
238		238	htdp nfbr qnjcg
239		239	lmjoh zgovs bwcej
239		239	bwcej tekj qchbfr
239	bwcej kritx	239	jrvsyn
239	qchbfr	239	dhfvbt bwcej
239	bwcej	239	wmenbv dszovj
240	hzftxy	240	zgovs kmexju
240	eolwrj	240	vhok hzftxy
240	labgzu	240	hzftxy jrldto
240	hzftxy	240	bemx kfdo
240		240	hzftxy hzftxy zgovs
241	nwujgx	241	corlnu agqv
241	agqv	241	lctk dhfvbt
241	xnwpjc gpirqx	241	agqv
241		241	agqv cmie jrvsyn
241	sohyp agqv	241	yetkah
242	xauhq	242	bwcej fhzb
242	bwcej agqv	242	tekj
242	tekj bwcej	242	nvzum
242		242	bwcej labgzu pvgmj
242	bwcej xnwpjc	242	krqx
243		243	wbruv ldwjum yrhefk
243	rybmae yhca	243	ldwjum
243	vwdz	243	ucygw ldwjum
243	ldwjum	243	cmie tekj
243		243	eolwrj epqori ldwjum
244	jrvsyn lmjoh	244	hjzrp
244	lmjoh	244	wumgnj yhca
244	corlnu	244	luxgcn lmjoh
244		244	vafluy lmjoh vwdz
244	lmjoh loit	244	corlnu
245	qmbg krqx	245	vwdz
245	luxgcn	245	amzktu qmbg
245	jrvsyn gyote	245	qmbg
245		245	eustbr sohyp qmbg
245	qmbg tekj	245	dwguv
246	xnwpjc ksjmwg	246	ctsr
246	ctsr fqgoy	246	undh
246		246	undh kmexju ctsr
246		246	yhca ctsr vaymp
246		246	srqh ctsr xnwpjc
247	vozgw	247	wbruv lqfruw
247		247	vozgw bwtlr xauhq
247	tqdef	247	wbruv vozgw
247	labgzu	247	bwtlr vozgw
247	qnjcg	247	vozgw mugqw
248	yelgo xnwpjc	248	ctsr
248	jrldto jrvsyn	248	ctsr
248	gtpv	248	ctsr qnjcg
248	rpsdwm ctsr	248	nomxf
248	tekj	248	bemx ctsr
249		249	eustbr gdpmf kfdo
249	loit eustbr	249	toxeyc
249		249	dhfvbt wijbve eustbr
249		249	labgzu eustbr svpqw
249	undh	249	eustbr fqgoy
250	wbruv	250	yrhefk xkoc
250		250	eolwrj yrhefk xkoc
250	xkoc kfdo	250	qxphf
250		250	dhfvbt whcodq xkoc
250		250	gaodyv xkoc eolwrj
251	symc nomxf	251	qxphf
251		251	qxphf gpirqx labgzu
251	epqori	251	qxphf loit
251	qxphf	251	ageds qnjcg
251		251	dprh qxphf sohyp
252	tekj mldeqz	252	zbfj
252	nwujgx vaymp	252	zbfj
252		252	zbfj yhca vafluy
252		252	jhnt wbruv zbfj
252	wbruv zbfj	252	zbfj
253	whcodq	253	wmenbv xzqg
253	whcodq	253	toxeyc nwujgx
253	gpirqx	253	whcodq xnwpjc
253	bhgk vwdz	253	whcodq
253	jrvsyn whcodq	253	svpqw
254	ozbfep	254	agqv eolwrj
254	nomxf nvzum	254	ozbfep
254	yhca	254	ozbfep bhck
254	ozbfep vwdz	254	phvy
254	jrvsyn	254	ozbfep nfbr
255	masq dprh	255	xnwpjc
255		255	masq wbruv yetkah
255	wmenbv masq	255	fqgoy
255	masq	255	kfdo zbfj
255		255	masq kfdo zbfj
256	hjzrp	256	kfdo gtpv
256		256	hjzrp toxeyc dhfvbt
256	rpsdwm	256	hjzrp loit
256	qnjcg	256	ucygw hjzrp
256		256	undh hjzrp pmwct
257	qnjcg cmie	257	bwtlr
257	luxgcn	257	cmie vafluy
257	phvy cmie	257	tekj
257		257	eolwrj bfnxqp cmie
257	ozbfep cmie	257	luxgcn
258	ctsr	258	wfpev tekj
258		258	vwdz ctsr wijbve
258	luxgcn ctsr	258	srqh
258	labgzu	258	ctsr vhok
258		258	loit ctsr wifezo
259	yetkah	259	labgzu ctsr
259		259	jrvsyn omsaij ctsr
259	ctsr yhca	259	ageds
259	ctsr ucygw	259	xnwpjc
259	ctsr undh	259	xsobi
260	agqv	260	zgovs vozgw
260	rtbh sohyp	260	vozgw
260	xzqg vozgw	260	nomxf
260	ngium tekj	260	vozgw
260	dszovj eolwrj	260	vozgw
261	qnjcg	261	svpqw bdrlg
261		261	lmjoh svpqw nwujgx
261		261	xauhq srqh svpqw
261	wbruv ifmpql	261	svpqw
261		261	wvncu nomxf svpqw
262	ageds	262	sohyp bemx
262	wbruv eustbr	262	bemx
262	bemx	262	vozgw nomxf
262	labgzu	262	bemx pthv
262	bemx ksjmwg	262	kfdo
263	xauhq bdrlg	263	kritx
263	vhok	263	loit bdrlg
263	tekj bdrlg	263	kmexju
263		263	eolwrj bdrlg gpirqx
263	bdrlg jrvsyn	263	toxeyc
264	whcodq eadvrq	264	tekj
264	zbfj	264	wmenbv whcodq
264	zgovs sbqmx	264	whcodq
264		264	vafluy whcodq luxgcn
264		264	whcodq xauhq wvncu
265	wbruv	265	wfpev rtbh
265	xauhq rtbh	265	wumgnj
265	rtbh tekj	265	huatj
265		265	nwujgx bhgk rtbh
265	symc rtbh	265	nwujgx
266	lqfruw	266	nomxf znve
266		266	lqfruw wbruv gdpmf
266	lqfruw	266	luxgcn ksjmwg
266	lqfruw wumgnj	266	qnjcg
266	wbruv lqfruw	266	phvy
267		267	hzftxy yhca gjvfrk
267		267	hzftxy hzftxy vwdz
267	xauhq	267	riaglh hzftxy
267		267	xnwpjc hzftxy ldwjum
267	krqx hzftxy	267	nomxf
268	rybmae gaodyv	268	wmenbv
268		268	luxgcn jrldto gaodyv
268		268	eolwrj gaodyv symc
268		268	gtpv tekj gaodyv
268	yvqwg	268	loit gaodyv
269	xsobi nwujgx	269	yrhefk
269	yrhefk	269	mugqw xauhq
269		269	yrhefk qchbfr nwujgx
269	gplh yrhefk	269	labgzu
269	vozgw	269	yrhefk qnjcg
270		270	jrvsyn wumgnj gplh
270	kmexju	270	luxgcn gplh
270		270	undh pnuvx gplh
270	dhfvbt ozbfep	270	gplh
270	dhfvbt	270	ldwjum gplh
271		271	labgzu wijbve eadvrq
271		271	wijbve gtpv kfdo
271	jrvsyn	271	wijbve sbqmx
271		271	undh qxphf wijbve
271		271	hzftxy loit wijbve
272	loit	272	fhzb bemx
272	jrvsyn	272	zbfj bemx
272	bemx	272	xauhq fhzb
272	corlnu	272	kfdo bemx
272		272	bemx xnwpjc bhck
273		273	nomxf fqgoy htdp
273		273	zilrh zgovs fqgoy
273	eolwrj	273	sbqmx fqgoy
273	fqgoy wbruv	273	vafluy
273	fqgoy	273	pvgmj wmenbv
274		274	jhnt tekj qcbmaf
274		274	yrhefk nomxf qcbmaf
274	luxgcn yrhefk	274	qcbmaf
274		274	zgovs qcbmaf ozbfep
274	qcbmaf zgovs	274	zbfj
275		275	yvqwg yrhefk wmenbv
275	mugqw jrvsyn	275	yvqwg
275	undh yvqwg	275	vhok
275	yvqwg wijbve	275	dhfvbt
275	dhfvbt	275	riaglh yvqwg
276	zbfj luxgcn	276	xkoc
276	zbfj	276	qcbmaf jrvsyn
276		276	riaglh yhca zbfj
276	zbfj vozgw	276	luxgcn
276	zbfj wnhus	276	jrvsyn
277		277	mldeqz ucygw kfdo
277	qnjcg	277	toxeyc ucygw
277	eadvrq	277	dhfvbt ucygw
277		277	symc wbruv ucygw
277	ucygw eolwrj	277	htdp
278	nwujgx	278	agqv kmexju
278	fqgoy	278	undh agqv
278	fhzb	278	wmenbv agqv
278	agqv pvgmj	278	zgovs
278		278	yhca agqv agqv
279		279	loit pthv gyote
279		279	zgovs gyote vflcmn
279	gyote	279	nomxf xkoc
279		279	corlnu gyote jrvsyn
279	bdrlg	279	gyote dhfvbt
280	bwtlr	280	nfbr jrvsyn
280	whcodq	280	nfbr luxgcn
280	jhnt	280	wbruv nfbr
280		280	nfbr wvncu nomxf
280	nfbr	280	fhzb tekj
281		281	ifmpql ageds nomxf
281		281	eolwrj vafluy ageds
281	eolwrj	281	vaymp ageds
281	htdp ageds	281	dhfvbt
281	ageds wbruv	281	bhck
282	svpqw	282	wmenbv wifezo
282		282	vwdz gcwu wifezo
282	gjvfrk	282	wifezo xnwpjc
282	wifezo bhgk	282	dhfvbt
282		282	masq sohyp wifezo
283		283	nomxf xsobi riaglh
283	xsobi bhgk	283	vwdz
283	xsobi xnwpjc	283	pvgmj
283	xauhq	283	rpsdwm xsobi
283		283	xsobi nomxf huatj
284	vwdz	284	gaodyv rtbh
284		284	wbruv htdp gaodyv
284	loit gaodyv	284	gdpmf
284	gaodyv pvgmj	284	dhfvbt
284	jhnt	284	xauhq gaodyv
285	cmie	285	undh wumgnj
285	wmenbv	285	wijbve wumgnj
285	bemx wumgnj	285	zgovs
285		285	nomxf wumgnj kmexju
285		285	wumgnj qnjcg whcodq
286	gtpv sohyp	286	eustbr
286		286	gtpv qmbg xnwpjc
286	eustbr yhca	286	gtpv
286	wbruv zbfj	286	gtpv
286		286	jrvsyn gtpv toxeyc
287	tqdef	287	hjzrp undh
287	zgovs hjzrp	287	dprh
287	toxeyc	287	hjzrp vwdz
287	hjzrp	287	fhzb zgovs
287	hjzrp	287	dhfvbt fpoxj
288	zgovs	288	huatj bwtlr
288		288	jrvsyn bwtlr gplh
288	toxeyc	288	bwtlr yhca
288		288	bwtlr sohyp riaglh
288	wbruv wnhus	288	bwtlr
289		289	qchbfr jxnue tekj
289	jxnue jhnt	289	luxgcn
289	ucygw xauhq	289	jxnue
289	jxnue	289	tekj pmwct
289	gpirqx wbruv	289	jxnue
290		290	xzqg xsobi zgovs
290	xsobi	290	jrvsyn mldeqz
290		290	xsobi corlnu xnwpjc
290	xsobi	290	mldeqz nwujgx
290		290	xsobi sohyp mugqw
291	xauhq	291	qcbmaf felmpa
291	qcbmaf	291	dhfvbt vflcmn
291		291	qcbmaf bfnxqp nwujgx
291		291	kfdo qcbmaf vhok
291	qcbmaf nwujgx	291	gjvfrk
292		292	fqgoy pmwct tekj
292	pmwct xsobi	292	dhfvbt
292		292	yhca bwcej pmwct
292	wbruv gjvfrk	292	pmwct
292		292	zbfj zgovs pmwct
293	srqh	293	yhca ctsr
293	eolwrj	293	srqh ucygw
293	srqh	293	hzftxy undh
293	srqh whcodq	293	kfdo
293	agqv	293	srqh wbruv
294	eolwrj hzftxy	294	htdp
294		294	yrhefk htdp zgovs
294	pvgmj htdp	294	yhca
294	htdp xauhq	294	dwguv
294	wmenbv	294	gpirqx htdp
295	xauhq jrldto	295	ldwjum
295	jxnue	295	jrldto tekj
295	jrvsyn jrldto	295	gpirqx
295	zgovs	295	jrldto ksjmwg
295		295	jrldto ldwjum nwujgx
296	xauhq nvzum	296	bdrlg
296	sohyp ozbfep	296	bdrlg
296	jrldto	296	zgovs bdrlg
296	kfdo bdrlg	296	bwtlr
296	lqfruw	296	qnjcg bdrlg
297	tekj	297	felmpa zbfj
297		297	ifmpql zbfj nomxf
297		297	wmenbv zbfj pnuvx
297	labgzu	297	lmjoh zbfj
297	zbfj xzqg	297	yhca
298		298	lmjoh nvzum loit
298	tekj omsaij	298	lmjoh
298		298	xauhq pthv lmjoh
298		298	nomxf lmjoh rybmae
298	lmjoh	298	wmenbv zbfj
299	pthv eolwrj	299	pmwct
299	undh	299	bfnxqp pthv
299	yelgo	299	qnjcg pthv
299	ageds	299	pthv qnjcg
299	vflcmn	299	labgzu pthv
300		300	dwguv vwdz htdp
300	tekj rtbh	300	dwguv
300	dwguv zgovs	300	vhok
300	dwguv	300	vwdz lctk
300		300	yhca dwguv yvqwg
301	xnwpjc sbqmx	301	fhzb
301	sbqmx	301	vwdz xsobi
301	kfdo	301	vaymp sbqmx
301	wifezo	301	wmenbv sbqmx
301		301	sbqmx bdrlg jrvsyn
302	loit	302	gaodyv lmjoh
302	lmjoh jrvsyn	302	eadvrq
302	krqx	302	eolwrj lmjoh
302	dhfvbt lmjoh	302	svpqw
302	wbruv	302	lqfruw lmjoh
303	eadvrq tekj	303	yvqwg
303	vwdz bfnxqp	303	eadvrq
303		303	ivsl eadvrq undh
303		303	lctk eadvrq undh
303	eadvrq	303	tekj gjvfrk
304	gaodyv	304	epqori wmenbv
304		304	epqori wbruv ngium
304		304	yvqwg yhca epqori
304	gjvfrk epqori	304	jrvsyn
304	epqori wbruv	304	phvy
305	qchbfr fqgoy	305	xnwpjc
305	loit	305	fqgoy zbfj
305		305	bhck fqgoy xauhq
305		305	fqgoy wmenbv ctsr
305	fqgoy	305	rpsdwm sohyp
306	yhca symc	306	pmwct
306		306	nwujgx pmwct sbqmx
306		306	luxgcn pmwct ucygw
306	pmwct	306	vhok labgzu
306	pmwct	306	yhca yrhefk
307		307	toxeyc kritx sohyp
307	eolwrj	307	xkoc kritx
307	kritx eolwrj	307	dwguv
307	gaodyv kritx	307	yhca
307		307	yvqwg kritx xnwpjc
308	nomxf	308	pmwct wumgnj
308		308	pmwct labhvz sohyp
308	nwujgx pmwct	308	wijbve
308	xauhq pmwct	308	wijbve
308		308	pmwct mldeqz undh
309	fmuejg	309	dhfvbt vozgw
309	undh	309	vozgw phvy
309	vafluy vozgw	309	dhfvbt
309	rpsdwm nomxf	309	vozgw
309	vozgw	309	qmbg xnwpjc
310		310	htdp hjzrp tekj
310	kfdo	310	hjzrp nvzum
310	bdrlg yhca	310	hjzrp
310		310	hjzrp tekj corlnu
310		310	hjzrp xzqg eolwrj
311		311	cmie nwujgx felmpa
311	cmie	311	nwujgx svpqw
311	cmie dprh	311	xauhq
311		311	vwdz vflcmn cmie
311	cmie	311	felmpa kfdo
312	bhck	312	wvncu qnjcg
312	nomxf	312	bhck ivsl
312	bhck	312	xkoc wmenbv
312		312	nomxf yetkah bhck
312		312	felmpa bhck dhfvbt
313	bemx jrldto	313	undh
313		313	nomxf jrldto lmjoh
313	pthv wmenbv	313	jrldto
313	xauhq	313	wvncu jrldto
313	wbruv	313	svpqw jrldto
314	ksjmwg	314	gaodyv tekj
314		314	huatj gaodyv zgovs
314	srqh	314	gaodyv wbruv
314	gaodyv	314	zbfj eolwrj
314	gaodyv ngium	314	jrvsyn
315	amzktu	315	wbruv jrldto
315	amzktu	315	gyote eolwrj
315	amzktu mldeqz	315	luxgcn
315	xauhq amzktu	315	gcwu
315	amzktu	315	bwtlr wmenbv
316	labhvz kfdo	316	tqdef
316		316	tqdef wbruv xkoc
316		316	riaglh tqdef jrvsyn
316	bhgk tqdef	316	luxgcn
316	ngium tqdef	316	zgovs
317	gaodyv	317	ageds undh
317		317	agqv wbruv gaodyv
317	nomxf mldeqz	317	gaodyv
317	pmwct dhfvbt	317	gaodyv
317	qnjcg	317	krqx gaodyv
318		318	mldeqz eolwrj xzqg
318	vaymp xzqg	318	eolwrj
318	felmpa	318	labgzu xzqg
318		318	xzqg eadvrq kfdo
318	nwujgx	318	xzqg wnhus
319	bhck eolwrj	319	amzktu
319	mldeqz	319	jrvsyn amzktu
319	amzktu	319	wbruv wumgnj
319	amzktu cmie	319	zgovs
319	wvncu nomxf	319	amzktu
320	tekj	320	bwcej huatj
320	huatj qcbmaf	320	yhca
320	wnhus	320	sohyp huatj
320		320	ucygw huatj xnwpjc
320		320	kfdo labhvz huatj
321	labgzu ucygw	321	labhvz
321	ucygw	321	xnwpjc dwguv
321	nwujgx ucygw	321	whcodq
321	dhfvbt	321	ucygw hjzrp
321	symc ucygw	321	kfdo
322		322	kfdo yelgo gcwu
322		322	xnwpjc ksjmwg yelgo
322		322	wvncu yelgo jrvsyn
322	yhca	322	epqori yelgo
322	qnjcg yelgo	322	yelgo
323	toxeyc	323	undh felmpa
323	zgovs	323	toxeyc vaymp
323	nfbr	323	jrvsyn toxeyc
323		323	toxeyc corlnu wbruv
323	epqori vwdz	323	toxeyc
324	undh vaymp	324	jxnue
324	luxgcn jxnue	324	gdpmf
324	undh huatj	324	jxnue
324		324	vwdz jxnue vozgw
324	jxnue	324	yhca vflcmn
325	kfdo	325	bwcej yelgo
325		325	eolwrj fqgoy bwcej
325	pthv	325	bwcej loit
325	qchbfr loit	325	bwcej
325		325	bwcej undh rtbh
326		326	masq yrhefk xnwpjc
326	ldwjum zgovs	326	yrhefk
326	yrhefk rybmae	326	xnwpjc
326	lctk eolwrj	326	yrhefk
326	yrhefk	326	vhok sohyp
327	nomxf lctk	327	mldeqz
327	ngium lctk	327	dhfvbt
327	zgovs	327	lctk ctsr
327	qchbfr	327	lctk yhca
327		327	jhnt lctk wbruv
328	znve xnwpjc	328	bwcej
328	toxeyc znve	328	nomxf
328	nvzum	328	znve vwdz
328	ldwjum	328	znve yhca
328	znve nwujgx	328	bwtlr
329	vhok	329	pthv wmenbv
329	bwtlr xnwpjc	329	pthv
329		329	ctsr pthv xnwpjc
329	jrldto tekj	329	pthv
329	gyote	329	pthv eolwrj
330	ldwjum	330	labgzu ucygw
330	wvncu	330	ldwjum xauhq
330		330	zgovs ozbfep ldwjum
330		330	ldwjum dhfvbt corlnu
330	labgzu ldwjum	330	xsobi
331		331	lqfruw pnuvx xauhq
331	bwcej	331	eolwrj pnuvx
331		331	lctk vwdz pnuvx
331	gplh	331	undh pnuvx
331		331	wijbve pnuvx nomxf
332	xsobi	332	masq zgovs
332		332	pnuvx yhca xsobi
332	eustbr xsobi	332	undh
332		332	eolwrj xsobi nfbr
332	tekj xsobi	332	cmie
333	gyote zbfj	333	sohyp
333	gyote	333	kritx jrvsyn
333	wfpev gyote	333	zgovs
333		333	bdrlg gyote loit
333		333	gyote nwujgx rpsdwm
334	pmwct	334	zilrh kfdo
334		334	omsaij pmwct eolwrj
334	luxgcn	334	pmwct pmwct
334		334	jrvsyn agqv pmwct
334		334	rtbh wbruv pmwct
335	rpsdwm	335	ngium labgzu
335		335	loit labhvz ngium
335	vhok	335	ngium loit
335		335	ngium kritx nomxf
335	jrvsyn	335	ngium amzktu
336	vafluy epqori	336	xnwpjc
336	jxnue nomxf	336	vafluy
336	nwujgx vafluy	336	yetkah
336		336	dwguv vafluy sohyp
336	wbruv	336	vflcmn vafluy
337	undh fpoxj	337	huatj
337	toxeyc luxgcn	337	fpoxj
337		337	jrvsyn fpoxj fpoxj
337	dhfvbt	337	wfpev fpoxj
337	wmenbv jrldto	337	fpoxj
338	vozgw	338	luxgcn pvgmj
338	wumgnj	338	kfdo pvgmj
338		338	agqv labgzu pvgmj
338	bdrlg xauhq	338	pvgmj
338		338	pvgmj epqori vwdz
339	yetkah	339	zilrh nomxf
339	mugqw zilrh	339	loit
339		339	ksjmwg undh zilrh
339		339	eolwrj amzktu zilrh
339	wifezo wbruv	339	zilrh
340	cmie qxphf	340	jrvsyn
340		340	cmie wbruv sbqmx
340	xsobi	340	cmie loit
340	sohyp	340	cmie znve
340		340	labgzu cmie kmexju
341	htdp masq	341	wbruv
341		341	sohyp masq ifmpql
341		341	xsobi sohyp masq
341		341	fhzb qnjcg masq
341	nwujgx	341	svpqw masq
342	jhnt	342	qnjcg ldwjum
342		342	jhnt toxeyc kfdo
342	zgovs jhnt	342	dprh
342	wmenbv agqv	342	jhnt
342	labgzu xkoc	342	jhnt
343		343	eustbr ldwjum loit
343	vaymp eustbr	343	labgzu
343	gplh	343	eustbr qnjcg
343	eustbr	343	zbfj loit
343	eustbr	343	nwujgx bdrlg
344		344	qnjcg pvgmj pnuvx
344	eolwrj mugqw	344	pvgmj
344	nvzum pvgmj	344	dhfvbt
344	nwujgx qxphf	344	pvgmj
344	pvgmj felmpa	344	labgzu
345	loit xzqg	345	phvy
345	dszovj kfdo	345	xzqg
345	wmenbv	345	xzqg hjzrp
345	luxgcn xzqg	345	ivsl
345	masq xzqg	345	undh
346	ozbfep	346	dhfvbt svpqw
346		346	gcwu svpqw jrvsyn
346	kfdo svpqw	346	fpoxj
346	svpqw luxgcn	346	agqv
346	nomxf	346	hjzrp svpqw
347		347	eolwrj wijbve bfnxqp
347	zgovs xzqg	347	wijbve
347	kfdo	347	wijbve pmwct
347	mldeqz kfdo	347	wijbve
347		347	wijbve wijbve dhfvbt
348		348	qnjcg agqv fpoxj
348	ucygw	348	zgovs fpoxj
348	fpoxj qnjcg	348	znve
348	xnwpjc fpoxj	348	gdpmf
348		348	fpoxj nomxf xzqg
349		349	xauhq hzftxy wifezo
349	wbruv	349	wifezo bemx
349	srqh	349	xauhq wifezo
349	felmpa wifezo	349	qnjcg
349		349	wifezo loit gplh
350	kfdo amzktu	350	fpoxj
350		350	ldwjum fpoxj nwujgx
350		350	xauhq fpoxj eustbr
350	nwujgx	350	fpoxj omsaij
350		350	fpoxj pmwct labgzu
351		351	qmbg xnwpjc vozgw
351	qmbg	351	kfdo omsaij
351	nwujgx	351	jhnt qmbg
351	qmbg	351	dhfvbt wumgnj
351		351	huatj sohyp qmbg
352	qxphf qmbg	352	sohyp
352	lqfruw qmbg	352	eolwrj
352		352	undh qmbg gdpmf
352		352	wnhus sohyp qmbg
352	loit	352	agqv qmbg
353	tqdef	353	qnjcg amzktu
353	htdp	353	amzktu vwdz
353		353	zgovs amzktu riaglh
353	amzktu	353	eolwrj fhzb
353	jrvsyn	353	amzktu fhzb
354	nomxf fhzb	354	wumgnj
354		354	undh fhzb labhvz
354	fhzb	354	sbqmx undh
354	kmexju	354	fhzb tekj
354		354	jrvsyn nvzum fhzb
355	znve hjzrp	355	dhfvbt
355		355	gjvfrk xnwpjc znve
355		355	znve nomxf ldwjum
355	yhca	355	hzftxy znve
355	ivsl znve	355	zgovs
356		356	xauhq whcodq fhzb
356		356	whcodq jrldto wbruv
356	labhvz	356	whcodq xauhq
356	whcodq	356	masq nwujgx
356	bwtlr	356	nwujgx whcodq
357	vafluy	357	ldwjum qnjcg
357	jrvsyn bhck	357	vafluy
357	vozgw	357	vafluy zgovs
357	gaodyv qnjcg	357	vafluy
357		357	wvncu eolwrj vafluy
358	fmuejg fmuejg	358	qnjcg
358	amzktu xnwpjc	358	fmuejg
358	wmenbv fmuejg	358	ifmpql
358	fmuejg	358	sbqmx qnjcg
358	vwdz	358	huatj fmuejg
359	eustbr	359	fhzb wmenbv
359		359	zgovs corlnu eustbr
359		359	eustbr pnuvx yhca
359	eustbr	359	xauhq jrldto
359	qxphf eustbr	359	nwujgx
360	lqfruw ifmpql	360	nwujgx
360	lqfruw	360	mldeqz nomxf
360		360	ivsl kfdo lqfruw
360	lqfruw jrvsyn	360	phvy
360	lqfruw	360	zilrh yhca
361	qnjcg rybmae	361	dwguv
361		361	vwdz rybmae xsobi
361		361	rybmae mugqw wbruv
361		361	rybmae wumgnj xauhq
361	hzftxy	361	rybmae wmenbv
362	qxphf	362	xnwpjc ageds
362	kfdo ageds	362	zbfj
362	tekj	362	ageds rtbh
362		362	tekj ageds epqori
362	dszovj kfdo	362	ageds
363	dhfvbt fmuejg	363	ivsl
363	nvzum jrvsyn	363	ivsl
363	ivsl	363	fmuejg xauhq
363	zilrh	363	dhfvbt ivsl
363		363	gtpv wbruv ivsl
364		364	vaymp lmjoh xnwpjc
364		364	vaymp bemx luxgcn
364		364	wmenbv bfnxqp vaymp
364	kfdo dszovj	364	vaymp
364		364	vaymp yrhefk sohyp
365	xauhq	365	vafluy jxnue
365		365	srqh sohyp jxnue
365	wmenbv	365	jxnue corlnu
365	xzqg	365	yhca jxnue
365	qmbg labgzu	365	jxnue
366		366	pthv nwujgx wnhus
366		366	nwujgx xzqg pthv
366	pthv	366	gpirqx wbruv
366	pthv	366	qxphf luxgcn
366	xauhq	366	pthv qxphf
367	felmpa	367	sohyp masq
367	felmpa kfdo	367	gdpmf
367	qmbg loit	367	felmpa
367	felmpa krqx	367	dhfvbt
367	felmpa	367	kfdo qchbfr
368	hjzrp wmenbv	368	bhck
368		368	hjzrp wbruv gplh
368	wbruv	368	agqv hjzrp
368	sohyp	368	hjzrp nvzum
368		368	xauhq hjzrp lctk
369	kfdo	369	jxnue bhck
369	jxnue nomxf	369	whcodq
369		369	masq jxnue labgzu
369	jxnue	369	xauhq felmpa
369	eolwrj	369	jxnue xkoc
370	omsaij loit	370	yetkah
370	omsaij yrhefk	370	wmenbv
370	wifezo omsaij	370	kfdo
370		370	omsaij ctsr loit
370	qmbg	370	wbruv omsaij
371		371	symc dhfvbt corlnu
371	symc	371	zgovs wifezo
371		371	symc labgzu toxeyc
371	symc yhca	371	gjvfrk
371	symc	371	jrvsyn zilrh
372		372	bwcej bemx luxgcn
372	nomxf krqx	372	bemx
372	ivsl bemx	372	vwdz
372	vwdz	372	lqfruw bemx
372	xnwpjc	372	wijbve bemx
373	yhca dwguv	373	vhok
373	undh dwguv	373	masq
373		373	mldeqz dwguv xauhq
373	dwguv	373	undh vozgw
373	nwujgx dwguv	373	rtbh
374		374	loit jrldto zbfj
374	labhvz	374	yhca jrldto
374		374	labgzu jrldto bdrlg
374		374	mldeqz jrldto xnwpjc
374		374	vwdz jrldto cmie
375	ldwjum rybmae	375	tekj
375		375	ivsl wmenbv ldwjum
375		375	pnuvx qnjcg ldwjum
375	bwcej	375	ldwjum wmenbv
375		375	ldwjum htdp luxgcn
376	qnjcg	376	symc gjvfrk
376		376	loit qcbmaf gjvfrk
376		376	lmjoh labgzu gjvfrk
376	gjvfrk vwdz	376	ivsl
376		376	gjvfrk zgovs htdp
377	xnwpjc	377	fmuejg riaglh
377	vaymp fmuejg	377	nomxf
377	tekj	377	agqv fmuejg
377	agqv fmuejg	377	jrvsyn
377	lctk	377	wmenbv fmuejg
378		378	dszovj pmwct labgzu
378	pmwct	378	qnjcg krqx
378	pmwct nwujgx	378	riaglh
378		378	jrldto labgzu pmwct
378		378	pmwct zgovs whcodq
379	qnjcg	379	jhnt mldeqz
379		379	dhfvbt riaglh jhnt
379	dhfvbt ivsl	379	jhnt
379		379	bhgk loit jhnt
379	jhnt	379	qnjcg wijbve
380	luxgcn labhvz	380	ozbfep
380		380	labhvz xzqg xnwpjc
380	whcodq	380	labhvz nomxf
380	fpoxj	380	loit labhvz
380	luxgcn	380	hjzrp labhvz
381	ifmpql	381	bwcej kfdo
381	tekj ozbfep	381	bwcej
381	epqori jrvsyn	381	bwcej
381	bwcej	381	zgovs ksjmwg
381		381	bwcej pvgmj zgovs
382	ksjmwg ozbfep	382	yhca
382	loit	382	ozbfep yelgo
382	wifezo ozbfep	382	kfdo
382	ozbfep xnwpjc	382	omsaij
382	loit	382	znve ozbfep
383	nwujgx gjvfrk	383	vozgw
383	labgzu yelgo	383	vozgw
383	qnjcg ageds	383	vozgw
383	vozgw nomxf	383	felmpa
383	vaymp	383	vozgw vwdz
384	nomxf	384	sbqmx bfnxqp
384	dhfvbt bfnxqp	384	whcodq
384		384	bfnxqp epqori undh
384	gaodyv bfnxqp	384	xauhq
384	bfnxqp bwtlr	384	kfdo
385	fqgoy	385	lctk jrvsyn
385	lctk ozbfep	385	wbruv
385		385	wmenbv lctk toxeyc
385		385	sbqmx luxgcn lctk
385		385	mldeqz xnwpjc lctk
386	wbruv	386	wumgnj wijbve
386	wijbve rybmae	386	nwujgx
386		386	wijbve masq qnjcg
386	wijbve gyote	386	undh
386	cmie wijbve	386	nomxf
387		387	yhca ozbfep vflcmn
387	vflcmn kfdo	387	gaodyv
387	hjzrp vflcmn	387	undh
387	vflcmn	387	bhck loit
387		387	tekj vflcmn bhck
388	vwdz xsobi	388	qmbg
388	whcodq undh	388	xsobi
388	ozbfep	388	xsobi jrvsyn
388	loit labhvz	388	xsobi
388		388	xsobi pnuvx vwdz
389		389	epqori undh gdpmf
389	gdpmf	389	ozbfep jrvsyn
389		389	gdpmf rybmae yhca
389	gdpmf dhfvbt	389	hjzrp
389	gdpmf	389	vflcmn sohyp
390	wmenbv mldeqz	390	ksjmwg
390	yhca	390	ksjmwg gyote
390	pvgmj	390	kfdo ksjmwg
390	nwujgx corlnu	390	ksjmwg
390	gdpmf	390	kfdo ksjmwg
391		391	gtpv dhfvbt omsaij
391	ucygw qnjcg	391	gtpv
391	felmpa	391	gtpv nwujgx
391		391	gtpv qnjcg yetkah
391		391	lmjoh sohyp gtpv
392	zbfj luxgcn	392	riaglh
392	gjvfrk	392	riaglh wbruv
392	xnwpjc	392	riaglh tqdef
392	undh	392	riaglh zilrh
392		392	whcodq wmenbv riaglh
393		393	znve znve xnwpjc
393	vaymp	393	labgzu znve
393	nomxf	393	znve yelgo
393	znve xauhq	393	amzktu
393		393	znve nwujgx pvgmj
394		394	wfpev wbruv gcwu
394		394	dhfvbt gplh wfpev
394	qmbg kfdo	394	wfpev
394	huatj xnwpjc	394	wfpev
394	wfpev xzqg	394	eolwrj
395	vafluy	395	omsaij wmenbv
395	vafluy	395	ucygw labgzu
395	eustbr	395	vafluy eolwrj
395		395	nwujgx hjzrp vafluy
395	nomxf	395	rybmae vafluy
396		396	dszovj vwdz vflcmn
396	dhfvbt gaodyv	396	dszovj
396	ageds	396	dszovj luxgcn
396	sohyp	396	dszovj jrldto
396		396	dszovj nwujgx gtpv
397	bhck	397	dprh wbruv
397	nomxf corlnu	397	dprh
397	phvy	397	dprh nomxf
397	kfdo kmexju	397	dprh
397	dprh	397	gcwu vwdz
398	tekj vafluy	398	toxeyc
398	vafluy xnwpjc	398	wijbve
398	vafluy	398	wmenbv lqfruw
398	qnjcg	398	gpirqx vafluy
398	xnwpjc kritx	398	vafluy
399	kfdo gdpmf	399	wnhus
399	sohyp	399	gdpmf symc
399	wmenbv	399	xkoc gdpmf
399		399	gdpmf sohyp hzftxy
399	fhzb gdpmf	399	wbruv
400	mldeqz lctk	400	luxgcn
400	xauhq ksjmwg	400	mldeqz
400	rpsdwm dhfvbt	400	mldeqz
400	pmwct	400	mldeqz dhfvbt
400	loit	400	toxeyc mldeqz
401		401	jhnt labhvz yhca
401		401	tekj labhvz hjzrp
401	vwdz	401	labhvz qmbg
401		401	wnhus yhca labhvz
401	tqdef luxgcn	401	labhvz
402	dhfvbt	402	jhnt znve
402		402	zgovs fhzb znve
402	znve	402	fhzb dhfvbt
402	vwdz znve	402	yetkah
402	znve jrvsyn	402	agqv
403	qxphf	403	undh nvzum
403	nvzum sohyp	403	yvqwg
403	nvzum	403	bhck xnwpjc
403		403	mugqw undh nvzum
403	wmenbv	403	nvzum xkoc
404	wbruv amzktu	404	kmexju
404	kmexju tekj	404	rtbh
404	kmexju loit	404	cmie
404	kmexju ageds	404	jrvsyn
404		404	kmexju wbruv yrhefk
405	rtbh qnjcg	405	wijbve
405	whcodq xauhq	405	wijbve
405		405	xnwpjc yvqwg wijbve
405	rtbh wijbve	405	qnjcg
405	wijbve fqgoy	405	nwujgx
406	wmenbv zilrh	406	fmuejg
406	fqgoy	406	zilrh yhca
406	wumgnj nwujgx	406	zilrh
406		406	eolwrj corlnu zilrh
406	luxgcn masq	406	zilrh
407	tekj lctk	407	yetkah
407		407	xkoc yetkah eolwrj
407	fhzb	407	yetkah yhca
407		407	wvncu tekj yetkah
407	lqfruw yetkah	407	vwdz
408	xnwpjc	408	masq hjzrp
408		408	hjzrp dhfvbt masq
408	wvncu masq	408	wmenbv
408	agqv masq	408	qnjcg
408		408	wbruv masq pthv
409	vflcmn mugqw	409	loit
409	gdpmf kfdo	409	vflcmn
409	vflcmn nwujgx	409	bemx
409	wmenbv	409	qcbmaf vflcmn
409	vflcmn	409	lqfruw kfdo
410	dhfvbt	410	hzftxy ivsl
410		410	ivsl zgovs ctsr
410	ivsl dhfvbt	410	fpoxj
410	bhgk	410	ivsl vwdz
410	xnwpjc	410	ivsl amzktu
411	gtpv svpqw	411	yhca
411	qnjcg	411	gtpv jrldto
411		411	fhzb qnjcg gtpv
411	qnjcg	411	lqfruw gtpv
411	vwdz	411	ngium gtpv
412	loit	412	labhvz mldeqz
412	labhvz wumgnj	412	tekj
412		412	labhvz wmenbv hjzrp
412	labhvz nwujgx	412	pvgmj
412		412	dszovj xnwpjc labhvz
413	zbfj wbruv	413	ksjmwg
413	nwujgx	413	ksjmwg qmbg
413		413	nfbr ksjmwg dhfvbt
413	whcodq ksjmwg	413	loit
413	undh ksjmwg	413	fhzb
414	wifezo ivsl	414	jrvsyn
414	qnjcg vafluy	414	ivsl
414	ivsl sbqmx	414	wbruv
414	ivsl	414	dwguv labgzu
414	wfpev	414	loit ivsl
415	gtpv	415	zgovs hjzrp
415	hjzrp	415	vhok sohyp
415		415	hjzrp xzqg wmenbv
415	xauhq	415	dprh hjzrp
415	hjzrp	415	luxgcn corlnu
416		416	wfpev corlnu zgovs
416	yrhefk	416	wfpev tekj
416		416	bhck wfpev yhca
416	wfpev	416	pvgmj vwdz
416	nomxf	416	wfpev rybmae
417	gplh	417	gcwu eolwrj
417	gplh bdrlg	417	vwdz
417	yrhefk	417	xnwpjc gplh
417		417	gplh fqgoy qnjcg
417	ageds	417	gplh eolwrj
418	zbfj vwdz	418	xzqg
418		418	xzqg kmexju xnwpjc
418		418	vwdz xzqg eadvrq
418		418	zgovs fmuejg xzqg
418	nomxf	418	tqdef xzqg
419		419	pthv rpsdwm kfdo
419	pthv xauhq	419	mldeqz
419	fhzb pthv	419	xauhq
419	qnjcg xsobi	419	pthv
419	htdp	419	pthv zgovs
420	sohyp ldwjum	420	svpqw
420		420	svpqw ucygw labgzu
420	zgovs	420	fpoxj svpqw
420		420	zgovs zilrh svpqw
420	svpqw eolwrj	420	ifmpql
421		421	felmpa nwujgx svpqw
421	svpqw gdpmf	421	nwujgx
421	zgovs wfpev	421	svpqw
421	gcwu svpqw	421	tekj
421		421	svpqw ivsl xnwpjc
422		422	srqh wmenbv ngium
422	symc qnjcg	422	ngium
422	ngium	422	ldwjum wmenbv
422		422	qmbg ngium nomxf
422	labgzu	422	ngium gplh
423	corlnu pnuvx	423	jrvsyn
423	corlnu	423	labgzu yetkah
423	xnwpjc corlnu	423	xzqg
423		423	corlnu qchbfr sohyp
423	corlnu xnwpjc	423	ctsr
424		424	sohyp krqx hzftxy
424		424	krqx svpqw wmenbv
424		424	znve krqx eolwrj
424	krqx	424	yrhefk jrvsyn
424	krqx tqdef	424	sohyp
425		425	znve loit hzftxy
425	ksjmwg	425	hzftxy xnwpjc
425	bwtlr	425	xauhq hzftxy
425	wbruv	425	hzftxy yvqwg
425	symc jrvsyn	425	hzftxy
426		426	lmjoh vwdz eadvrq
426	lmjoh	426	dszovj wmenbv
426	xsobi undh	426	lmjoh
426		426	dhfvbt toxeyc lmjoh
426		426	lmjoh znve labgzu
427	wvncu	427	xnwpjc ucygw
427	bemx	427	qnjcg wvncu
427	tekj dszovj	427	wvncu
427	bemx	427	tekj wvncu
427	undh tqdef	427	wvncu
428	zilrh sohyp	428	gcwu
428	nwujgx gcwu	428	vhok
428	hzftxy	428	gcwu tekj
428		428	eustbr gcwu undh
428	gcwu dhfvbt	428	labhvz
429		429	nwujgx krqx huatj
429		429	krqx nwujgx ctsr
429		429	nwujgx krqx kmexju
429	kfdo mldeqz	429	krqx
429	gplh	429	krqx wbruv
430		430	rpsdwm amzktu undh
430	omsaij	430	amzktu eolwrj
430	pmwct amzktu	430	xauhq
430	amzktu xnwpjc	430	labhvz
430	labgzu rybmae	430	amzktu
431		431	vflcmn tqdef jrvsyn
431	tqdef yhca	431	huatj
431	tqdef	431	yelgo kfdo
431		431	undh tqdef lctk
431	tqdef ifmpql	431	tekj
432		432	ivsl gjvfrk tekj
432		432	wbruv dprh gjvfrk
432		432	kmexju nomxf gjvfrk
432		432	felmpa gjvfrk zgovs
432		432	labgzu gjvfrk kmexju
433	wijbve jrvsyn	433	bhgk
433	wijbve	433	nwujgx wfpev
433	wijbve zgovs	433	kritx
433	wijbve	433	loit pmwct
433		433	kfdo wijbve lctk
434	omsaij	434	sohyp gpirqx
434	rybmae	434	wbruv gpirqx
434	eolwrj	434	gpirqx epqori
434	zilrh	434	gpirqx jrvsyn
434	gpirqx	434	kfdo hzftxy
435	znve xnwpjc	435	agqv
435	znve pmwct	435	xnwpjc
435	znve	435	sohyp ucygw
435	bhck	435	znve xnwpjc
435	luxgcn	435	cmie znve
436		436	loit yvqwg qmbg
436		436	yvqwg mldeqz tekj
436	jrvsyn ksjmwg	436	yvqwg
436		436	pthv yvqwg tekj
436	sohyp	436	yvqwg kritx
437	xauhq ageds	437	krqx
437		437	krqx cmie vwdz
437		437	vwdz krqx krqx
437		437	gdpmf krqx loit
437	wvncu undh	437	krqx
438	riaglh	438	eolwrj gdpmf
438		438	dszovj gdpmf nomxf
438	wmenbv nfbr	438	gdpmf
438	gdpmf qnjcg	438	ksjmwg
438		438	gdpmf wbruv epqori
439		439	wbruv bdrlg bwtlr
439		439	xauhq gplh bwtlr
439	bwtlr	439	luxgcn znve
439		439	bwtlr sohyp yvqwg
439		439	qnjcg lmjoh bwtlr
440		440	epqori labgzu pthv
440		440	eolwrj epqori rtbh
440	epqori jrvsyn	440	fmuejg
440	zgovs epqori	440	bemx
440	epqori ctsr	440	loit
441		441	wbruv rtbh tqdef
441	vwdz xsobi	441	rtbh
441	rtbh agqv	441	wmenbv
441	wvncu	441	wbruv rtbh
441	xauhq rtbh	441	yelgo
442	omsaij	442	vhok wbruv
442	vhok krqx	442	yhca
442	vhok	442	ucygw eolwrj
442	vhok	442	gjvfrk wbruv
442	vwdz	442	vhok ldwjum
443	wmenbv bhck	443	fmuejg
443	dwguv	443	fmuejg sohyp
443		443	labgzu dprh fmuejg
443	fmuejg yhca	443	qcbmaf
443	fmuejg tekj	443	qmbg
444	wvncu fqgoy	444	dhfvbt
444		444	fpoxj sohyp fqgoy
444	tekj	444	fqgoy huatj
444	ksjmwg yhca	444	fqgoy
444		444	kfdo fqgoy gdpmf
445	bfnxqp dhfvbt	445	nvzum
445	wbruv	445	xkoc nvzum
445		445	ngium nvzum yhca
445	zgovs	445	wumgnj nvzum
445	nvzum dszovj	445	zgovs
446	dhfvbt	446	agqv sbqmx
446	symc	446	jrvsyn sbqmx
446		446	sbqmx rybmae wmenbv
446	tqdef sbqmx	446	labgzu
446	symc sbqmx	446	nomxf
447		447	jrvsyn rpsdwm vflcmn
447	vflcmn wmenbv	447	bhgk
447	vflcmn wifezo	447	xauhq
447		447	jrvsyn vflcmn yetkah
447	luxgcn	447	eadvrq vflcmn
448		448	gyote tekj yetkah
448	gyote nomxf	448	wvncu
448	kfdo ksjmwg	448	gyote
448		448	gyote wmenbv zbfj
448	gyote	448	eolwrj felmpa
449		449	nwujgx lqfruw rybmae
449		449	kfdo lqfruw wfpev
449	labgzu	449	lqfruw svpqw
449	fpoxj	449	vwdz lqfruw
449	wbruv	449	lqfruw dwguv
450	mugqw lctk	450	qnjcg
450	lctk	450	qnjcg lctk
450	lctk	450	sohyp rtbh
450		450	lctk labgzu rtbh
450	dszovj	450	xauhq lctk
451	bdrlg amzktu	451	yhca
451	amzktu vafluy	451	labgzu
451		451	eustbr amzktu undh
451	wbruv amzktu	451	vaymp
451	gtpv nomxf	451	amzktu
452	wmenbv	452	lmjoh ctsr
452		452	xnwpjc ctsr gpirqx
452		452	loit ctsr pnuvx
452		452	ifmpql luxgcn ctsr
452	gcwu	452	ctsr jrvsyn
453	eustbr	453	lqfruw eolwrj
453	lqfruw	453	luxgcn gyote
453	qnjcg	453	lqfruw ucygw
453	lqfruw undh	453	wifezo
453		453	labgzu lqfruw fmuejg
454		454	qchbfr yhca zbfj
454	qnjcg	454	phvy zbfj
454		454	rpsdwm zbfj yhca
454	lmjoh	454	zbfj undh
454	tekj kritx	454	zbfj
455		455	gjvfrk riaglh dhfvbt
455	gjvfrk fhzb	455	nomxf
455	wbruv gjvfrk	455	felmpa
455	gjvfrk nomxf	455	wifezo
455		455	vafluy gjvfrk vwdz
456	pmwct pmwct	456	luxgcn
456		456	gdpmf undh pmwct
456	qnjcg	456	pmwct felmpa
456		456	sohyp pmwct mldeqz
456	nwujgx nvzum	456	pmwct
457	agqv bhgk	457	xauhq
457	wmenbv agqv	457	gdpmf
457	agqv vwdz	457	vozgw
457	jxnue loit	457	agqv
457		457	qchbfr luxgcn agqv
458		458	wbruv mldeqz wijbve
458		458	mldeqz fpoxj wbruv
458	jrvsyn	458	bdrlg mldeqz
458	pnuvx eolwrj	458	mldeqz
458		458	loit mldeqz ageds
459	wbruv dprh	459	corlnu
459	xnwpjc	459	corlnu vflcmn
459		459	dhfvbt dprh corlnu
459	vaymp	459	corlnu jrvsyn
459		459	undh hzftxy corlnu
460	jrldto bemx	460	dhfvbt
460		460	loit bwcej jrldto
460		460	xzqg jrldto dhfvbt
460	vwdz	460	jrldto rybmae
460		460	wnhus dhfvbt jrldto
461	qmbg wijbve	461	undh
461		461	wijbve yhca felmpa
461	wijbve xauhq	461	labhvz
461		461	mldeqz wijbve undh
461	wijbve bhgk	461	wbruv
462	nfbr	462	htdp eolwrj
462	htdp yhca	462	eadvrq
462	eolwrj	462	htdp vozgw
462		462	bdrlg htdp yhca
462	htdp	462	gdpmf yhca
463	mugqw bdrlg	463	tekj
463		463	srqh bdrlg eolwrj
463	bdrlg kfdo	463	lqfruw
463		463	bdrlg xauhq whcodq
463		463	gtpv bdrlg sohyp
464		464	pthv jxnue nwujgx
464	xnwpjc	464	bwcej pthv
464	vwdz	464	pthv dwguv
464		464	nwujgx vhok pthv
464	omsaij	464	zgovs pthv
465	ivsl ageds	465	undh
465		465	ivsl xsobi vwdz
465	ivsl	465	amzktu loit
465	loit	465	ucygw ivsl
465	agqv yhca	465	ivsl
466	nfbr	466	jrvsyn fhzb
466		466	fhzb vwdz bhck
466	fhzb	466	rpsdwm xnwpjc
466		466	fhzb wbruv gcwu
466	xnwpjc fhzb	466	wumgnj
467		467	jrvsyn fhzb krqx
467	nwujgx	467	krqx wfpev
467	riaglh	467	krqx xauhq
467	krqx	467	gtpv eolwrj
467	dhfvbt krqx	467	mldeqz
468	vaymp	468	xauhq bhck
468		468	vaymp svpqw labgzu
468	ozbfep	468	vaymp zgovs
468		468	vaymp qnjcg qchbfr
468	vaymp	468	eolwrj mugqw
469	corlnu qnjcg	469	amzktu
469	jrvsyn eadvrq	469	amzktu
469	amzktu sohyp	469	jxnue
469		469	amzktu yrhefk vwdz
469		469	amzktu ldwjum tekj
470	pnuvx	470	loit yrhefk
470	yrhefk jrvsyn	470	gplh
470		470	loit yrhefk nvzum
470	yrhefk	470	luxgcn zbfj
470		470	yrhefk ldwjum yhca
471	wmenbv	471	gdpmf bhck
471	agqv	471	undh gdpmf
471		471	xkoc gdpmf wbruv
471		471	gdpmf qnjcg xkoc
471	yhca	471	gdpmf ksjmwg
472		472	ctsr gplh dhfvbt
472		472	dhfvbt ctsr mugqw
472	ivsl wbruv	472	ctsr
472		472	loit gplh ctsr
472	bhgk	472	labgzu ctsr
473	nvzum	473	xnwpjc yvqwg
473		473	labgzu gaodyv yvqwg
473	loit	473	masq yvqwg
473	bemx loit	473	yvqwg
473		473	loit yvqwg xkoc
474	eolwrj bfnxqp	474	qxphf
474		474	bfnxqp zbfj sohyp
474	wfpev	474	eolwrj bfnxqp
474	ngium bfnxqp	474	luxgcn
474		474	sohyp gaodyv bfnxqp
475	jrldto	475	loit bemx
475	jrldto loit	475	wnhus
475	ozbfep	475	tekj jrldto
475		475	pnuvx jrldto dhfvbt
475		475	xauhq jrldto felmpa
476	omsaij	476	yhca gplh
476	eolwrj gplh	476	zilrh
476	mugqw gplh	476	nomxf
476		476	ageds yhca gplh
476	gplh	476	rpsdwm wmenbv
477	krqx qnjcg	477	rpsdwm
477		477	yhca rpsdwm ldwjum
477		477	lmjoh rpsdwm eolwrj
477	sohyp	477	xkoc rpsdwm
477		477	rpsdwm loit kmexju
478	yhca	478	eadvrq zbfj
478		478	zbfj jrvsyn lqfruw
478		478	rybmae zbfj luxgcn
478		478	toxeyc dhfvbt zbfj
478		478	luxgcn zbfj jxnue
479		479	rpsdwm vwdz phvy
479	riaglh rpsdwm	479	xauhq
479	luxgcn mldeqz	479	rpsdwm
479	rpsdwm	479	wumgnj eolwrj
479	rpsdwm	479	labgzu phvy
480	nwujgx tqdef	480	bemx
480		480	bemx dszovj nomxf
480	jrldto	480	tekj bemx
480	qxphf labgzu	480	bemx
480	gcwu	480	zgovs bemx
481	wijbve zgovs	481	phvy
481	hzftxy phvy	481	kfdo
481		481	jrvsyn phvy vozgw
481	dwguv phvy	481	tekj
481	phvy	481	luxgcn gpirqx
482	omsaij omsaij	482	eolwrj
482	yrhefk jrvsyn	482	omsaij
482		482	vwdz omsaij ngium
482	omsaij	482	luxgcn toxeyc
482	omsaij jrvsyn	482	ivsl
483		483	wmenbv agqv agqv
483		483	nomxf vflcmn agqv
483		483	agqv luxgcn jrldto
483	dhfvbt agqv	483	vozgw
483		483	agqv zgovs jxnue
484	jxnue undh	484	pthv
484		484	jxnue svpqw qnjcg
484		484	yhca jxnue fpoxj
484		484	jxnue eadvrq luxgcn
484		484	yhca jxnue xkoc
485	kmexju dwguv	485	qnjcg
485	kmexju	485	wmenbv vaymp
485	srqh kmexju	485	undh
485		485	kmexju gjvfrk sohyp
485		485	whcodq xnwpjc kmexju
486		486	dprh qnjcg xkoc
486	xauhq	486	dprh lqfruw
486	jrvsyn gaodyv	486	dprh
486	eolwrj wnhus	486	dprh
486	pthv dhfvbt	486	dprh
487	bdrlg luxgcn	487	symc
487	bwtlr symc	487	loit
487	symc	487	zbfj loit
487	labgzu znve	487	symc
487	symc	487	eadvrq xnwpjc
488		488	dhfvbt qchbfr sbqmx
488	qchbfr eadvrq	488	eolwrj
488		488	qchbfr luxgcn sbqmx
488	qchbfr	488	loit qmbg
488	eadvrq qchbfr	488	kfdo
489	htdp	489	nwujgx pnuvx
489	vaymp	489	pnuvx undh
489		489	epqori pnuvx wbruv
489	pnuvx	489	xnwpjc tqdef
489		489	ngium pnuvx zgovs
490	vwdz	490	xzqg nvzum
490	bwtlr	490	nomxf xzqg
490	xzqg xnwpjc	490	tqdef
490		490	yhca vhok xzqg
490	xzqg vwdz	490	dwguv
491	dszovj xauhq	491	bfnxqp
491		491	nfbr eolwrj bfnxqp
491		491	xnwpjc bfnxqp gplh
491		491	bfnxqp loit hzftxy
491		491	symc bfnxqp dhfvbt
492		492	wmenbv gtpv cmie
492	yhca cmie	492	dprh
492	wmenbv	492	znve cmie
492		492	mugqw nomxf cmie
492	ctsr	492	cmie sohyp
493	eolwrj srqh	493	masq
493	riaglh luxgcn	493	masq
493		493	wumgnj kfdo masq
493		493	masq undh gcwu
493	wvncu qnjcg	493	masq
494	yhca	494	ifmpql zbfj
494	bhck	494	sohyp ifmpql
494		494	dprh zgovs ifmpql
494		494	ifmpql dhfvbt ageds
494	xkoc ifmpql	494	eolwrj
495	ngium	495	xauhq vaymp
495	riaglh	495	ngium xauhq
495	wmenbv pnuvx	495	ngium
495		495	htdp ngium kfdo
495	wbruv	495	ngium cmie
496	yhca fmuejg	496	jrldto
496	vwdz fmuejg	496	vaymp
496		496	epqori labgzu fmuejg
496	jrldto wbruv	496	fmuejg
496	fmuejg nomxf	496	fpoxj
497	vozgw	497	kfdo yvqwg
497	yvqwg	497	pmwct loit
497	xnwpjc	497	yvqwg bdrlg
497	undh	497	yvqwg xzqg
497	zgovs vflcmn	497	yvqwg
498	dszovj wbruv	498	bwcej
498	bwcej	498	bwcej undh
498	bwcej	498	ivsl undh
498		498	pthv bwcej zgovs
498	qnjcg	498	bwcej toxeyc
499	fhzb whcodq	499	jrvsyn
499	luxgcn	499	whcodq agqv
499		499	whcodq nomxf qmbg
499	wmenbv whcodq	499	nvzum
499		499	wmenbv hjzrp whcodq
500		500	tqdef yhca hzftxy
500	hzftxy wmenbv	500	pnuvx
500	symc	500	hzftxy labgzu
500	hzftxy jxnue	500	loit
500		500	hzftxy wmenbv sbqmx
501	labhvz wmenbv	501	jxnue
501	labhvz dprh	501	jrvsyn
501		501	bdrlg labhvz xauhq
501		501	luxgcn corlnu labhvz
501	omsaij	501	qnjcg labhvz
502		502	lmjoh qnjcg amzktu
502	amzktu xauhq	502	zilrh
502		502	amzktu htdp yhca
502	amzktu qcbmaf	502	tekj
502	agqv	502	undh amzktu
503	gplh	503	luxgcn amzktu
503	labgzu amzktu	503	ctsr
503	labgzu	503	amzktu pthv
503	labgzu fpoxj	503	amzktu
503		503	dszovj loit amzktu
504	xnwpjc	504	bfnxqp toxeyc
504		504	zgovs bfnxqp qcbmaf
504		504	yhca hzftxy bfnxqp
504	sohyp bwcej	504	bfnxqp
504	sbqmx bfnxqp	504	labgzu
505	yetkah undh	505	pvgmj
505		505	xnwpjc gtpv yetkah
505	wbruv nvzum	505	yetkah
505	xauhq qxphf	505	yetkah
505	yetkah dhfvbt	505	htdp
506	yvqwg hjzrp	506	qnjcg
506		506	ctsr nomxf yvqwg
506		506	yvqwg amzktu sohyp
506		506	nfbr yvqwg labgzu
506		506	nomxf wumgnj yvqwg
507	dhfvbt	507	vflcmn xkoc
507		507	xkoc xauhq eustbr
507	xauhq	507	xkoc gjvfrk
507	yhca	507	xkoc labhvz
507	xkoc	507	nomxf svpqw
508		508	vaymp ivsl xauhq
508	yelgo ivsl	508	eolwrj
508	ivsl loit	508	dprh
508	ivsl	508	ldwjum xauhq
508	xnwpjc bwcej	508	ivsl
509	vwdz gaodyv	509	zbfj
509	labgzu	509	zilrh gaodyv
509	nomxf symc	509	gaodyv
509	toxeyc	509	gaodyv luxgcn
509	gaodyv	509	jhnt vwdz
510		510	pvgmj hjzrp loit
510		510	pvgmj toxeyc nomxf
510	yelgo	510	jrvsyn pvgmj
510	labgzu	510	pvgmj ctsr
510	pvgmj	510	nwujgx felmpa
511	gplh	511	qnjcg ctsr
511	xnwpjc vhok	511	ctsr
511	qnjcg ctsr	511	gdpmf
511	qchbfr luxgcn	511	ctsr
511		511	eolwrj rybmae ctsr
512	sohyp	512	whcodq lqfruw
512	znve whcodq	512	zgovs
512	bemx	512	sohyp whcodq
512	ivsl zgovs	512	whcodq
512		512	vwdz vhok whcodq
513	yvqwg	513	wijbve loit
513	wijbve sohyp	513	qxphf
513	yhca	513	wijbve rpsdwm
513		513	wijbve nwujgx gpirqx
513	wijbve ifmpql	513	nomxf
514	xnwpjc	514	mldeqz dszovj
514		514	eolwrj mldeqz fmuejg
514	mldeqz loit	514	bhgk
514	yhca qmbg	514	mldeqz
514	xauhq mldeqz	514	wvncu
515		515	bwcej yetkah jrvsyn
515	kmexju	515	yetkah jrvsyn
515	epqori kfdo	515	yetkah
515		515	yetkah xnwpjc ozbfep
515	yetkah ldwjum	515	nomxf
516		516	agqv yrhefk qnjcg
516		516	rtbh qnjcg yrhefk
516	jhnt yrhefk	516	kfdo
516	vflcmn	516	yrhefk dhfvbt
516	yrhefk	516	agqv yhca
517	eolwrj gaodyv	517	dprh
517		517	gaodyv luxgcn ngium
517	wifezo gaodyv	517	undh
517	qnjcg vafluy	517	gaodyv
517	gaodyv	517	vwdz zbfj
518		518	vafluy xnwpjc bhck
518	znve vafluy	518	wmenbv
518	vafluy vozgw	518	xauhq
518	tekj	518	vafluy riaglh
518	felmpa	518	vafluy xauhq
519	bwtlr	519	htdp xnwpjc
519		519	labgzu bwtlr amzktu
519		519	loit qcbmaf bwtlr
519		519	epqori bwtlr undh
519	bwtlr	519	ksjmwg wmenbv
520	bhgk ivsl	520	kfdo
520	ivsl	520	omsaij sohyp
520		520	qchbfr xnwpjc ivsl
520	labgzu	520	jhnt ivsl
520	ivsl	520	xnwpjc qmbg
521	wbruv	521	pnuvx zbfj
521	gjvfrk	521	zbfj kfdo
521	ksjmwg zbfj	521	jrvsyn
521	srqh	521	tekj zbfj
521	jrldto	521	zbfj xauhq
522	svpqw xauhq	522	pthv
522	undh zilrh	522	svpqw
522		522	luxgcn svpqw kmexju
522	ctsr	522	xauhq svpqw
522	gdpmf	522	qnjcg svpqw
523		523	pthv bemx sohyp
523	pthv bwtlr	523	yhca
523	yhca	523	wumgnj pthv
523		523	bfnxqp pthv vwdz
523	lctk	523	nomxf pthv
524	vwdz gjvfrk	524	htdp
524	gaodyv	524	vwdz gjvfrk
524		524	ozbfep gjvfrk nwujgx
524	gjvfrk	524	nvzum wmenbv
524		524	gjvfrk svpqw loit
525	qcbmaf loit	525	bwtlr
525	yvqwg qcbmaf	525	nomxf
525	labgzu	525	qcbmaf bhgk
525	tekj fpoxj	525	qcbmaf
525	kritx	525	sohyp qcbmaf
526		526	dwguv jhnt eolwrj
526	dwguv ksjmwg	526	nwujgx
526	ageds	526	dwguv qnjcg
526	dwguv	526	nomxf agqv
526		526	qxphf dwguv xauhq
527	gaodyv	527	yhca mldeqz
527		527	nwujgx ctsr mldeqz
527		527	dhfvbt mldeqz qxphf
527	loit	527	mldeqz bwtlr
527	wbruv	527	qchbfr mldeqz
528		528	kfdo bhck gpirqx
528		528	gpirqx agqv nomxf
528		528	gpirqx xnwpjc agqv
528	ctsr labgzu	528	gpirqx
528		528	jrvsyn gpirqx gpirqx
529	kfdo whcodq	529	jrldto
529	loit jrldto	529	lqfruw
529	labgzu	529	jrldto rpsdwm
529	jrldto	529	ucygw luxgcn
529	jrldto wmenbv	529	ozbfep
530	wijbve labgzu	530	xsobi
530	nomxf eadvrq	530	xsobi
530	bdrlg xsobi	530	eolwrj
530		530	xsobi htdp tekj
530	wbruv xsobi	530	hzftxy
531	bwtlr xnwpjc	531	ctsr
531	bwtlr	531	pvgmj kfdo
531	luxgcn	531	xzqg bwtlr
531	fmuejg bwtlr	531	jrvsyn
531	zgovs	531	dszovj bwtlr
532	whcodq znve	532	jrvsyn
532	xauhq whcodq	532	phvy
532	whcodq nwujgx	532	wnhus
532		532	nfbr labgzu whcodq
532		532	omsaij whcodq zgovs
533		533	rtbh dprh loit
533	sohyp bdrlg	533	rtbh
533	rtbh bdrlg	533	undh
533	sohyp kmexju	533	rtbh
533		533	loit wijbve rtbh
534		534	ivsl kfdo lctk
534	vwdz	534	ivsl huatj
534	xauhq	534	ageds ivsl
534	fmuejg	534	vwdz ivsl
534	nomxf ivsl	534	bwcej
535	agqv wifezo	535	wbruv
535	xauhq agqv	535	wumgnj
535	xauhq bwtlr	535	agqv
535	agqv fpoxj	535	undh
535	nwujgx	535	rybmae agqv
536	omsaij	536	loit lctk
536	eolwrj	536	wfpev omsaij
536		536	omsaij wmenbv pvgmj
536	loit	536	gcwu omsaij
536	nwujgx omsaij	536	gdpmf
537		537	kmexju xauhq wvncu
537	wvncu	537	xauhq mldeqz
537	wvncu nvzum	537	vwdz
537		537	wmenbv wvncu rybmae
537	fpoxj	537	wvncu xnwpjc
538	gplh	538	qcbmaf loit
538	gplh cmie	538	jrvsyn
538	vwdz	538	gplh qxphf
538		538	gplh labgzu vozgw
538	ldwjum zgovs	538	gplh
539	hjzrp sohyp	539	fmuejg
539		539	kfdo gtpv hjzrp
539		539	hjzrp xauhq qxphf
539	wifezo	539	luxgcn hjzrp
539	xauhq vhok	539	hjzrp
540	sbqmx	540	vhok xauhq
540	undh	540	xsobi sbqmx
540	jrvsyn dwguv	540	sbqmx
540		540	symc kfdo sbqmx
540	sbqmx xnwpjc	540	wifezo
541		541	zbfj lmjoh nwujgx
541	jrvsyn	541	lmjoh fmuejg
541		541	lmjoh luxgcn gplh
541	xauhq sbqmx	541	lmjoh
541	lmjoh	541	qnjcg agqv
542	eadvrq	542	krqx yhca
542	eadvrq wmenbv	542	hzftxy
542	eadvrq	542	dhfvbt xkoc
542	eadvrq	542	fmuejg jrvsyn
542	jrvsyn eadvrq	542	ngium
543		543	labhvz jxnue yhca
543	gaodyv	543	yhca jxnue
543		543	kfdo jxnue qchbfr
543	undh phvy	543	jxnue
543	jxnue bwtlr	543	dhfvbt
544	labhvz ivsl	544	jrvsyn
544		544	ivsl xauhq eustbr
544		544	nwujgx ivsl bwtlr
544		544	kfdo krqx ivsl
544		544	luxgcn ivsl bhck
545	loit	545	lctk kmexju
545	lctk	545	zgovs jxnue
545	dwguv nwujgx	545	lctk
545		545	undh vflcmn lctk
545		545	gyote lctk labgzu
546		546	qnjcg gtpv amzktu
546	amzktu mugqw	546	wbruv
546	qnjcg amzktu	546	ctsr
546	amzktu	546	vflcmn loit
546	wmenbv	546	pvgmj amzktu
547	xnwpjc pvgmj	547	htdp
547	vflcmn	547	loit htdp
547	nfbr	547	jrvsyn htdp
547		547	riaglh xauhq htdp
547	vafluy	547	loit htdp
548		548	wbruv symc fqgoy
548		548	jrldto symc zgovs
548	labgzu	548	xzqg symc
548	symc lctk	548	nomxf
548	lmjoh	548	symc tekj
549	nomxf symc	549	fpoxj
549		549	pnuvx dhfvbt symc
549	symc	549	vaymp luxgcn
549		549	symc xnwpjc kritx
549	symc ngium	549	sohyp
550	kmexju	550	xnwpjc wfpev
550		550	vaymp loit kmexju
550	xnwpjc kmexju	550	lctk
550	kmexju	550	nwujgx gcwu
550	ageds	550	nomxf kmexju
551	huatj	551	cmie dhfvbt
551	cmie	551	rybmae wbruv
551	cmie htdp	551	wbruv
551	gaodyv	551	cmie xnwpjc
551	amzktu tekj	551	cmie
552	qnjcg	552	agqv lqfruw
552	rtbh	552	vwdz lqfruw
552	yhca	552	kmexju lqfruw
552	yetkah	552	eolwrj lqfruw
552		552	lqfruw yhca krqx
553		553	zgovs mldeqz symc
553	wfpev	553	mldeqz loit
553	mldeqz wbruv	553	wijbve
553	mldeqz	553	kfdo qchbfr
553		553	mldeqz vaymp sohyp
554		554	luxgcn zilrh vozgw
554	zilrh bdrlg	554	loit
554	zilrh	554	loit xzqg
554		554	undh zilrh wifezo
554	zilrh	554	qmbg tekj
555	gplh	555	wmenbv ctsr
555	zbfj	555	wbruv ctsr
555	nwujgx ctsr	555	kritx
555		555	bhgk qnjcg ctsr
555	vaymp	555	ctsr labgzu
556	qnjcg	556	ivsl gdpmf
556	gjvfrk	556	loit ivsl
556	phvy	556	xauhq ivsl
556	ivsl cmie	556	wmenbv
556		556	ivsl gpirqx kfdo
557	gpirqx lqfruw	557	qnjcg
557	jrldto gpirqx	557	wbruv
557	bwtlr	557	wbruv gpirqx
557	qmbg	557	gpirqx eolwrj
557		557	gpirqx xauhq xsobi
558		558	jrvsyn pthv nvzum
558	pthv fpoxj	558	dhfvbt
558	pthv	558	vflcmn zgovs
558		558	xauhq vaymp pthv
558	pthv	558	dszovj dhfvbt
559		559	gaodyv luxgcn vafluy
559		559	luxgcn xzqg vafluy
559		559	vafluy cmie vwdz
559	sbqmx vafluy	559	wmenbv
559	vafluy xnwpjc	559	bemx
560	kfdo	560	epqori gcwu
560	gcwu kfdo	560	vaymp
560	vwdz bfnxqp	560	gcwu
560	gcwu	560	bfnxqp kfdo
560	ksjmwg	560	gcwu xauhq
561	dhfvbt xsobi	561	ozbfep
561	mugqw xsobi	561	nomxf
561		561	dprh yhca xsobi
561	xsobi	561	hjzrp undh
561		561	xkoc xsobi yhca
562		562	zgovs rybmae yetkah
562	ageds	562	tekj yetkah
562		562	svpqw loit yetkah
562	yetkah	562	loit ngium
562	bwcej labgzu	562	yetkah
563	lmjoh	563	hjzrp loit
563		563	zgovs lmjoh ifmpql
563	nwujgx vafluy	563	lmjoh
563		563	srqh lmjoh wmenbv
563	kfdo	563	htdp lmjoh
564	mldeqz	564	wmenbv gjvfrk
564	zgovs krqx	564	gjvfrk
564	ksjmwg gjvfrk	564	yhca
564	xauhq gjvfrk	564	znve
564		564	gjvfrk sohyp kritx
565	gdpmf	565	svpqw wbruv
565	svpqw	565	ucygw luxgcn
565	svpqw	565	mldeqz nomxf
565	yhca wijbve	565	svpqw
565		565	svpqw loit krqx
566	wijbve luxgcn	566	wifezo
566	wbruv	566	ageds wifezo
566		566	sohyp yetkah wifezo
566	wbruv wvncu	566	wifezo
566	wvncu	566	xnwpjc wifezo
567	vafluy dhfvbt	567	wifezo
567		567	vafluy fmuejg kfdo
567	bhgk	567	eolwrj vafluy
567	dhfvbt vafluy	567	sbqmx
567	vafluy gtpv	567	dhfvbt
568		568	corlnu yhca cmie
568		568	pthv dhfvbt cmie
568	cmie	568	luxgcn xsobi
568	cmie	568	luxgcn cmie
568		568	wbruv vaymp cmie
569	htdp zgovs	569	symc
569		569	symc srqh vwdz
569	loit symc	569	gcwu
569		569	xauhq jxnue symc
569	symc rybmae	569	sohyp
570		570	nomxf ucygw zbfj
570	rtbh zbfj	570	xauhq
570		570	jrvsyn xzqg zbfj
570	zbfj luxgcn	570	wfpev
570	zbfj zgovs	570	lqfruw
571	krqx	571	eolwrj nfbr
571	ivsl	571	tekj nfbr
571		571	huatj kfdo nfbr
571		571	nomxf xkoc nfbr
571		571	undh tqdef nfbr
572	vhok sohyp	572	gdpmf
572	rybmae xnwpjc	572	vhok
572		572	vhok zgovs huatj
572		572	wbruv kritx vhok
572		572	cmie vhok jrvsyn
573	amzktu	573	labgzu labhvz
573		573	vflcmn wmenbv amzktu
573	kfdo nfbr	573	amzktu
573	qmbg	573	zgovs amzktu
573		573	amzktu tekj qchbfr
574		574	yhca bfnxqp toxeyc
574	kritx bfnxqp	574	jrvsyn
574	bfnxqp fmuejg	574	wbruv
574		574	bfnxqp vwdz ucygw
574		574	bfnxqp dhfvbt mugqw
575	xnwpjc lmjoh	575	jhnt
575	tqdef lmjoh	575	dhfvbt
575	lmjoh wbruv	575	ngium
575	agqv	575	wbruv lmjoh
575	lmjoh	575	nwujgx gaodyv
576		576	xkoc ksjmwg xnwpjc
576	vwdz rtbh	576	ksjmwg
576	ksjmwg gpirqx	576	loit
576		576	qnjcg symc ksjmwg
576	htdp	576	ksjmwg undh
577		577	wmenbv gcwu svpqw
577	krqx kfdo	577	gcwu
577	gcwu	577	vflcmn wbruv
577		577	znve gcwu kfdo
577		577	gcwu bemx tekj
578	yhca rpsdwm	578	bemx
578	yhca rpsdwm	578	dszovj
578		578	rpsdwm yhca bemx
578	rpsdwm yvqwg	578	vwdz
578	tekj agqv	578	rpsdwm
579		579	felmpa xauhq yetkah
579	yetkah vozgw	579	jrvsyn
579		579	xsobi xauhq yetkah
579		579	amzktu yetkah yhca
579	yetkah eolwrj	579	vaymp
580	yetkah nomxf	580	bemx
580	zgovs bemx	580	fqgoy
580	rpsdwm bemx	580	vwdz
580		580	wbruv labhvz bemx
580	bemx	580	nvzum wbruv
581	gpirqx	581	qnjcg lctk
581	qnjcg gpirqx	581	xkoc
581		581	tekj gpirqx labhvz
581	pthv yhca	581	gpirqx
581	loit	581	ivsl gpirqx
582		582	rybmae xnwpjc toxeyc
582	huatj rybmae	582	nwujgx
582		582	agqv nwujgx rybmae
582		582	vwdz fhzb rybmae
582		582	amzktu rybmae xnwpjc
583		583	cmie nwujgx ngium
583	ngium loit	583	pmwct
583	hjzrp eolwrj	583	ngium
583	ngium gcwu	583	zgovs
583	ngium labgzu	583	krqx
584	eolwrj pthv	584	gcwu
584	qnjcg	584	pthv eustbr
584	yhca	584	pthv rpsdwm
584	tekj	584	pthv nvzum
584	corlnu	584	nomxf pthv
585		585	jrvsyn ozbfep ivsl
585		585	loit gjvfrk ozbfep
585	undh qmbg	585	ozbfep
585	sohyp	585	hzftxy ozbfep
585		585	jxnue ozbfep labgzu
586		586	yrhefk undh bhck
586	luxgcn fpoxj	586	yrhefk
586	yrhefk vflcmn	586	luxgcn
586	loit qchbfr	586	yrhefk
586	dhfvbt	586	xzqg yrhefk
587	wbruv	587	ivsl bwtlr
587	pvgmj	587	zgovs ivsl
587	epqori qnjcg	587	ivsl
587	gtpv nomxf	587	ivsl
587	ivsl	587	sohyp agqv
588		588	dhfvbt wfpev riaglh
588	fqgoy	588	wfpev dhfvbt
588	dhfvbt bwcej	588	wfpev
588	yhca wfpev	588	ldwjum
588	qnjcg nvzum	588	wfpev
589		589	qnjcg whcodq dprh
589		589	xnwpjc lctk whcodq
589	nwujgx	589	wvncu whcodq
589		589	ivsl zgovs whcodq
589		589	nwujgx gplh whcodq
590	dhfvbt	590	fpoxj qmbg
590	fpoxj corlnu	590	eolwrj
590	undh	590	fpoxj eadvrq
590		590	jhnt vwdz fpoxj
590	undh	590	wumgnj fpoxj
591		591	labhvz wmenbv gyote
591	wbruv	591	nvzum gyote
591	labgzu	591	gyote jxnue
591		591	gyote xauhq whcodq
591	gyote	591	eolwrj fpoxj
592	dprh wbruv	592	ozbfep
592		592	eolwrj dprh cmie
592	yhca dprh	592	qchbfr
592	eolwrj	592	fhzb dprh
592		592	xauhq labhvz dprh
593	vwdz	593	tqdef agqv
593	tqdef	593	agqv zgovs
593	dhfvbt	593	kmexju agqv
593		593	krqx agqv wmenbv
593	agqv vwdz	593	htdp
594	wmenbv bwcej	594	bfnxqp
594	lctk	594	xauhq bwcej
594		594	bwcej qchbfr tekj
594	sohyp	594	fmuejg bwcej
594	zgovs jxnue	594	bwcej
595		595	epqori dszovj xnwpjc
595		595	dszovj fmuejg xauhq
595	dszovj dhfvbt	595	toxeyc
595	wbruv dszovj	595	bwcej
595	qxphf	595	dszovj tekj
596	luxgcn	596	corlnu gjvfrk
596	xsobi	596	loit corlnu
596	corlnu	596	corlnu wbruv
596	qxphf	596	corlnu wmenbv
596	wnhus corlnu	596	nwujgx
597	pnuvx	597	qnjcg gdpmf
597	gdpmf xnwpjc	597	vhok
597	gdpmf gdpmf	597	labgzu
597		597	gdpmf loit pvgmj
597	qnjcg	597	symc gdpmf
598	vwdz felmpa	598	rybmae
598	rybmae	598	gyote vwdz
598	rybmae	598	tekj gplh
598	labgzu	598	rybmae bwcej
598	rybmae	598	yhca hzftxy
599	fhzb	599	vwdz eustbr
599	zgovs eustbr	599	agqv
599	eustbr bemx	599	dhfvbt
599		599	hzftxy eustbr wbruv
599		599	gaodyv xnwpjc eustbr
600		600	ifmpql undh xkoc
600	nomxf	600	ivsl xkoc
600	xkoc nwujgx	600	agqv
600		600	xkoc xauhq wfpev
600		600	xkoc dhfvbt vozgw
601		601	xnwpjc rybmae kmexju
601		601	jxnue rybmae nwujgx
601	undh	601	yetkah rybmae
601		601	jrvsyn wumgnj rybmae
601	hzftxy labgzu	601	rybmae
602	ozbfep	602	xnwpjc bhck
602		602	svpqw nwujgx bhck
602		602	bhck jhnt eolwrj
602	qnjcg jxnue	602	bhck
602		602	bhck dhfvbt bhck
603	ozbfep	603	rtbh tekj
603	krqx luxgcn	603	ozbfep
603	xauhq ozbfep	603	omsaij
603	yetkah ozbfep	603	nomxf
603		603	xauhq ozbfep qcbmaf
604	vwdz ageds	604	nvzum
604	ageds fhzb	604	loit
604	wijbve	604	ageds nomxf
604	ageds nomxf	604	yelgo
604		604	gpirqx ageds tekj
605		605	fmuejg dhfvbt cmie
605	ageds	605	fmuejg jrvsyn
605	gplh	605	yhca fmuejg
605		605	fmuejg bhgk vwdz
605	wfpev fmuejg	605	luxgcn
606		606	nfbr ifmpql nwujgx
606	xauhq	606	nfbr yrhefk
606	mldeqz	606	nfbr wmenbv
606	nfbr	606	ngium wmenbv
606	kfdo	606	ksjmwg nfbr
607	gcwu	607	undh masq
607		607	whcodq loit masq
607		607	bhck masq kfdo
607		607	rtbh masq qnjcg
607	gaodyv	607	yhca masq
608	yvqwg	608	bdrlg wbruv
608	yvqwg	608	masq yhca
608		608	zgovs yvqwg gtpv
608		608	labgzu yvqwg ozbfep
608	toxeyc	608	yvqwg tekj
609	nwujgx znve	609	epqori
609	jrvsyn kmexju	609	znve
609	znve	609	znve kfdo
609	znve wbruv	609	agqv
609	vwdz	609	yrhefk znve
610	ldwjum	610	gdpmf nomxf
610	eolwrj	610	rtbh gdpmf
610		610	vhok gdpmf nomxf
610	zgovs mugqw	610	gdpmf
610	corlnu labgzu	610	gdpmf
611	qmbg	611	sohyp ldwjum
611		611	qmbg zgovs wumgnj
611		611	loit eustbr qmbg
611	nomxf jhnt	611	qmbg
611	dhfvbt	611	qmbg amzktu
612		612	xkoc bemx eolwrj
612	wvncu vwdz	612	xkoc
612		612	xkoc ozbfep nomxf
612		612	dszovj xauhq xkoc
612	qnjcg xkoc	612	ucygw
613	kfdo nfbr	613	gjvfrk
613		613	whcodq gjvfrk eolwrj
613	xauhq	613	gjvfrk dwguv
613		613	xsobi gjvfrk eolwrj
613	phvy	613	xnwpjc gjvfrk
614		614	toxeyc gtpv eolwrj
614	bhgk dhfvbt	614	gtpv
614	pthv	614	vwdz gtpv
614		614	gtpv pmwct vwdz
614	gtpv xnwpjc	614	gyote
615		615	bhgk fpoxj eolwrj
615	eolwrj	615	dprh fpoxj
615		615	zbfj fpoxj nomxf
615	fpoxj	615	ngium jrvsyn
615		615	luxgcn riaglh fpoxj
616		616	toxeyc whcodq kfdo
616		616	kfdo mugqw whcodq
616	sohyp	616	whcodq gplh
616		616	whcodq pthv dhfvbt
616	nwujgx ldwjum	616	whcodq
617	tekj ldwjum	617	fpoxj
617	zgovs ldwjum	617	lctk
617		617	lqfruw wmenbv ldwjum
617	ldwjum	617	ksjmwg xnwpjc
617		617	gplh jrvsyn ldwjum
618	nwujgx lmjoh	618	sbqmx
618	lmjoh vafluy	618	xauhq
618	lmjoh qxphf	618	undh
618	luxgcn	618	wnhus lmjoh
618		618	lmjoh qnjcg wumgnj
619		619	whcodq tekj tqdef
619	undh	619	yetkah tqdef
619		619	wijbve loit tqdef
619		619	tqdef fmuejg yhca
619	vwdz tqdef	619	wvncu
620	jrldto luxgcn	620	bemx
620	loit bemx	620	agqv
620	gaodyv	620	zgovs bemx
620	hzftxy bemx	620	jrvsyn
620	gjvfrk	620	tekj bemx
621		621	dhfvbt qcbmaf ldwjum
621	qchbfr	621	nwujgx qcbmaf
621	eolwrj qcbmaf	621	jxnue
621	tekj qcbmaf	621	eustbr
621	qnjcg	621	qcbmaf ageds
622	bemx	622	felmpa undh
622		622	bemx labgzu qmbg
622	bemx rpsdwm	622	luxgcn
622		622	xauhq svpqw bemx
622		622	dwguv xnwpjc bemx
623	wijbve	623	vaymp dhfvbt
623	vaymp	623	xnwpjc gdpmf
623	vaymp dhfvbt	623	qchbfr
623	vaymp	623	luxgcn htdp
623	gjvfrk vaymp	623	sohyp
624	qcbmaf	624	gcwu dhfvbt
624	symc gcwu	624	dhfvbt
624	luxgcn gcwu	624	mldeqz
624		624	lctk gcwu eolwrj
624	vwdz gcwu	624	svpqw
625	vozgw wbruv	625	amzktu
625	nomxf amzktu	625	wumgnj
625		625	xsobi amzktu dhfvbt
625	wfpev amzktu	625	xauhq
625	xnwpjc	625	amzktu eadvrq
626		626	qcbmaf srqh zgovs
626		626	ageds xauhq srqh
626	wmenbv zilrh	626	srqh
626	tekj	626	wijbve srqh
626	srqh zgovs	626	bhck
627	jrvsyn fmuejg	627	xzqg
627	fmuejg yhca	627	amzktu
627	yhca	627	fmuejg rtbh
627	wmenbv	627	fmuejg xzqg
627	hzftxy fmuejg	627	nwujgx
628	luxgcn	628	felmpa dszovj
628	wvncu kfdo	628	dszovj
628	symc yhca	628	dszovj
628		628	jrvsyn epqori dszovj
628	luxgcn	628	bhgk dszovj
629	gdpmf	629	kfdo krqx
629	xkoc	629	krqx jrvsyn
629	labgzu krqx	629	felmpa
629	krqx	629	loit xsobi
629	yelgo loit	629	krqx
630	yvqwg	630	zgovs amzktu
630	pvgmj yvqwg	630	xnwpjc
630	felmpa tekj	630	yvqwg
630		630	ksjmwg loit yvqwg
630		630	yvqwg bemx kfdo
631	ivsl	631	htdp undh
631		631	luxgcn dszovj ivsl
631	yelgo	631	ivsl dhfvbt
631	wbruv qchbfr	631	ivsl
631	ivsl cmie	631	xauhq
632		632	zgovs yrhefk felmpa
632	yrhefk mldeqz	632	nomxf
632		632	yrhefk wumgnj loit
632	eolwrj wnhus	632	yrhefk
632	labgzu vaymp	632	yrhefk
633	loit	633	ifmpql vaymp
633	ifmpql	633	kfdo amzktu
633		633	qnjcg wumgnj ifmpql
633	gdpmf labgzu	633	ifmpql
633	ifmpql	633	lmjoh wbruv
634	pvgmj	634	nfbr vwdz
634		634	vwdz pvgmj srqh
634	pvgmj	634	jrldto eolwrj
634		634	pvgmj zilrh nwujgx
634	labgzu pvgmj	634	ageds
635		635	ucygw yhca qmbg
635	ucygw	635	kfdo kritx
635		635	nomxf riaglh ucygw
635		635	qcbmaf ucygw wmenbv
635		635	zgovs gdpmf ucygw
636	xsobi zgovs	636	jrldto
636	qxphf	636	vwdz jrldto
636	ldwjum	636	jrldto dhfvbt
636	jrldto	636	lctk nwujgx
636	yvqwg sohyp	636	jrldto
637		637	xauhq ngium htdp
637	lctk	637	yhca ngium
637		637	zilrh xauhq ngium
637		637	bwtlr nwujgx ngium
637		637	gcwu ngium nomxf
638		638	xkoc dprh jrvsyn
638	amzktu	638	dprh undh
638	dprh	638	bemx wmenbv
638	ucygw	638	yhca dprh
638	vwdz	638	pthv dprh
639		639	yhca kmexju gtpv
639		639	wbruv kmexju huatj
639		639	gplh zgovs kmexju
639		639	kmexju luxgcn rybmae
639	kmexju qnjcg	639	srqh
640		640	bwcej bhgk undh
640	riaglh vwdz	640	bhgk
640	jrvsyn	640	nfbr bhgk
640	ucygw bhgk	640	jrvsyn
640		640	eolwrj xsobi bhgk
641	kfdo phvy	641	zilrh
641	sohyp zilrh	641	pvgmj
641	gdpmf	641	xnwpjc zilrh
641	wifezo	641	dhfvbt zilrh
641	nomxf masq	641	zilrh
642	qnjcg	642	xzqg zbfj
642	eolwrj	642	qchbfr zbfj
642	qchbfr	642	zbfj sohyp
642	zbfj kfdo	642	pthv
642	zbfj	642	yetkah nwujgx
643	wbruv hjzrp	643	htdp
643		643	jrvsyn htdp jhnt
643	xsobi htdp	643	dhfvbt
643	yhca	643	htdp cmie
643	xauhq htdp	643	pthv
644		644	ldwjum jrvsyn htdp
644	qnjcg	644	xsobi ldwjum
644	ldwjum	644	pnuvx wmenbv
644	ldwjum	644	nomxf gcwu
644	ldwjum dhfvbt	644	eustbr
645	wfpev	645	pnuvx kfdo
645	sohyp mugqw	645	pnuvx
645		645	xauhq wvncu pnuvx
645	epqori	645	yhca pnuvx
645	fpoxj	645	pnuvx wmenbv
646	eustbr tqdef	646	tekj
646	tekj tqdef	646	krqx
646	yrhefk tekj	646	tqdef
646	undh	646	ageds tqdef
646		646	tqdef kfdo labhvz
647	labgzu bemx	647	symc
647	luxgcn vflcmn	647	symc
647		647	symc lqfruw sohyp
647	labgzu symc	647	xkoc
647		647	symc eolwrj rybmae
648		648	pvgmj zgovs ivsl
648	gaodyv	648	pvgmj dhfvbt
648	xnwpjc pnuvx	648	pvgmj
648		648	kmexju qnjcg pvgmj
648		648	omsaij jrvsyn pvgmj
649		649	yetkah pmwct sohyp
649	zgovs yetkah	649	dprh
649	ldwjum	649	yetkah jrvsyn
649		649	wbruv ageds yetkah
649	yetkah zbfj	649	wbruv
650		650	nwujgx omsaij bhgk
650	eustbr bhgk	650	yhca
650		650	bhgk kfdo jrldto
650	bhgk nwujgx	650	htdp
650		650	kritx bhgk sohyp
651		651	qnjcg jxnue wifezo
651	wifezo epqori	651	undh
651	wifezo nvzum	651	undh
651	wifezo	651	nomxf ksjmwg
651	gdpmf	651	wifezo tekj
652	undh vflcmn	652	nvzum
652	nvzum gpirqx	652	wbruv
652		652	zilrh tekj nvzum
652		652	kfdo nvzum toxeyc
652	gjvfrk	652	undh nvzum
653	bhgk	653	vwdz qchbfr
653		653	bhgk omsaij sohyp
653	bhgk	653	jrvsyn ifmpql
653	dhfvbt ozbfep	653	bhgk
653		653	bhgk qnjcg gdpmf
654	qnjcg	654	whcodq nvzum
654	nvzum ucygw	654	vwdz
654	nvzum	654	jxnue xnwpjc
654		654	dhfvbt lctk nvzum
654	rybmae	654	eolwrj nvzum
655	huatj mldeqz	655	wbruv
655		655	kfdo rybmae huatj
655	yhca	655	huatj omsaij
655	masq vwdz	655	huatj
655	huatj	655	tqdef qnjcg
656		656	xnwpjc yrhefk dwguv
656		656	yrhefk nwujgx omsaij
656	nomxf	656	wvncu yrhefk
656	yrhefk	656	dhfvbt gaodyv
656	yrhefk	656	eolwrj srqh
657	xkoc bfnxqp	657	xauhq
657	ozbfep bfnxqp	657	dhfvbt
657		657	fpoxj tekj bfnxqp
657		657	bfnxqp pnuvx vwdz
657	undh	657	hzftxy bfnxqp
658	symc	658	dszovj dhfvbt
658	dszovj	658	luxgcn lqfruw
658	wbruv	658	gpirqx dszovj
658	loit	658	bwcej dszovj
658		658	jrvsyn srqh dszovj
659		659	eolwrj tqdef wijbve
659	yhca	659	ivsl wijbve
659	wijbve	659	wmenbv epqori
659	wijbve xnwpjc	659	lmjoh
659	xnwpjc	659	wijbve gcwu
660	dhfvbt gcwu	660	rpsdwm
660		660	yvqwg luxgcn rpsdwm
660	rpsdwm	660	loit riaglh
660	jrldto	660	labgzu rpsdwm
660	rpsdwm vwdz	660	znve
661	labhvz fpoxj	661	labgzu
661	jrvsyn mldeqz	661	labhvz
661	kmexju	661	loit labhvz
661		661	cmie tekj labhvz
661	nwujgx labhvz	661	dwguv
662	yetkah omsaij	662	loit
662		662	yrhefk vwdz omsaij
662		662	yelgo xauhq omsaij
662	omsaij sohyp	662	fhzb
662	undh yvqwg	662	omsaij
663	lqfruw luxgcn	663	vozgw
663	vflcmn	663	yhca vozgw
663	vozgw	663	eolwrj fmuejg
663	vozgw eolwrj	663	bwcej
663	nwujgx	663	qchbfr vozgw
664	dprh	664	loit ifmpql
664	bdrlg vwdz	664	dprh
664		664	felmpa jrvsyn dprh
664		664	dprh labgzu yvqwg
664	dwguv nomxf	664	dprh
665	gtpv sohyp	665	vflcmn
665		665	riaglh vwdz vflcmn
665	qnjcg	665	wfpev vflcmn
665		665	vflcmn ctsr yhca
665	sohyp vflcmn	665	ctsr
666	bdrlg yhca	666	yvqwg
666	yvqwg yhca	666	nfbr
666	yvqwg agqv	666	wmenbv
666	amzktu yvqwg	666	nomxf
666		666	lctk zgovs yvqwg
667	felmpa qnjcg	667	mugqw
667	jrvsyn	667	felmpa wifezo
667	wbruv whcodq	667	felmpa
667		667	gpirqx eolwrj felmpa
667	luxgcn felmpa	667	wifezo
668	dwguv	668	yvqwg loit
668	dwguv	668	ldwjum eolwrj
668	dwguv ldwjum	668	dhfvbt
668	qnjcg	668	dwguv gcwu
668	krqx labgzu	668	dwguv
669	yhca pnuvx	669	kritx
669	dwguv	669	jrvsyn pnuvx
669		669	gdpmf pnuvx nwujgx
669	fhzb	669	pnuvx labgzu
669	rpsdwm	669	pnuvx eolwrj
670	dprh	670	sohyp wfpev
670	gtpv	670	wfpev labgzu
670	htdp wfpev	670	kfdo
670		670	xauhq wfpev cmie
670	wbruv	670	felmpa wfpev
671	dhfvbt sbqmx	671	amzktu
671	qnjcg	671	amzktu qxphf
671	amzktu labgzu	671	pthv
671	amzktu	671	luxgcn pthv
671		671	labgzu xsobi amzktu
672	sbqmx wbruv	672	wfpev
672	rybmae sbqmx	672	qnjcg
672	bhgk	672	sbqmx eolwrj
672	sbqmx	672	yhca zilrh
672	sohyp sbqmx	672	yrhefk
673		673	zgovs riaglh bhck
673	riaglh amzktu	673	xnwpjc
673		673	gaodyv yhca riaglh
673	xnwpjc riaglh	673	ageds
673	riaglh zgovs	673	yetkah
674	sohyp	674	ksjmwg kmexju
674	lctk	674	loit ksjmwg
674	ksjmwg zgovs	674	rybmae
674		674	yhca svpqw ksjmwg
674		674	ksjmwg nomxf znve
675	yhca dszovj	675	corlnu
675	undh	675	wfpev dszovj
675	sbqmx dszovj	675	eolwrj
675		675	nomxf ageds dszovj
675	dszovj wbruv	675	vhok
676	labgzu	676	xkoc gdpmf
676		676	gpirqx gdpmf kfdo
676		676	loit gdpmf srqh
676	zgovs	676	gdpmf ctsr
676	gdpmf	676	bdrlg luxgcn
677	vhok	677	wifezo vwdz
677	jrvsyn	677	vhok srqh
677		677	gaodyv kfdo vhok
677	vhok	677	vwdz zbfj
677	loit fqgoy	677	vhok
678	lqfruw	678	sohyp vhok
678	lqfruw undh	678	cmie
678	lqfruw	678	xsobi xnwpjc
678	lqfruw sohyp	678	yrhefk
678	wmenbv lqfruw	678	fmuejg
679	eolwrj huatj	679	huatj
679	tekj	679	ucygw huatj
679		679	gyote huatj vwdz
679		679	nomxf ldwjum huatj
679	bwtlr	679	huatj loit
680	nwujgx	680	qcbmaf lqfruw
680	qcbmaf	680	kfdo qxphf
680	ksjmwg	680	qcbmaf labgzu
680	qcbmaf zgovs	680	htdp
680	wfpev	680	qcbmaf eolwrj
681	gplh loit	681	pnuvx
681	ldwjum yhca	681	pnuvx
681	pnuvx	681	eolwrj wvncu
681	labgzu pnuvx	681	pvgmj
681	whcodq loit	681	pnuvx
682		682	nfbr wifezo luxgcn
682	kfdo	682	nfbr yrhefk
682	vwdz masq	682	nfbr
682		682	nfbr jrvsyn pmwct
682	xauhq	682	nfbr rtbh
683		683	sbqmx vwdz fhzb
683	phvy	683	fhzb undh
683		683	wnhus fhzb loit
683		683	fhzb vaymp undh
683		683	luxgcn fhzb pthv
684	qnjcg	684	ctsr wfpev
684	fmuejg	684	wfpev zgovs
684		684	sohyp pmwct wfpev
684	zgovs	684	amzktu wfpev
684	gyote nwujgx	684	wfpev
685	svpqw lqfruw	685	wbruv
685	lqfruw	685	svpqw xauhq
685		685	fqgoy svpqw jrvsyn
685	vhok	685	svpqw luxgcn
685		685	sohyp whcodq svpqw
686	dszovj	686	yelgo wmenbv
686	vwdz ageds	686	yelgo
686	krqx nwujgx	686	yelgo
686		686	svpqw yelgo tekj
686	yelgo	686	xnwpjc kritx
687		687	gdpmf masq vwdz
687	wmenbv epqori	687	gdpmf
687	pmwct	687	zgovs gdpmf
687		687	xauhq gdpmf krqx
687	vaymp nomxf	687	gdpmf
688		688	xnwpjc gplh qxphf
688	eustbr gplh	688	dhfvbt
688		688	cmie gplh qnjcg
688	phvy gplh	688	qnjcg
688	sohyp vaymp	688	gplh
689		689	lqfruw luxgcn gcwu
689		689	dprh jrvsyn lqfruw
689		689	lqfruw rybmae xnwpjc
689		689	jrldto lqfruw eolwrj
689		689	luxgcn yrhefk lqfruw
690	mugqw qnjcg	690	sbqmx
690	sbqmx sbqmx	690	undh
690		690	yhca sbqmx fhzb
690	sbqmx	690	tqdef eolwrj
690	luxgcn	690	krqx sbqmx
691	ucygw	691	lctk xnwpjc
691		691	ucygw loit fqgoy
691	huatj kfdo	691	ucygw
691	masq	691	ucygw sohyp
691		691	ucygw yelgo qnjcg
692	eolwrj yetkah	692	mugqw
692	pthv yetkah	692	vwdz
692	gjvfrk yetkah	692	wmenbv
692	loit bwcej	692	yetkah
692	omsaij	692	wmenbv yetkah
693	yrhefk vwdz	693	masq
693	yhca	693	bhck yrhefk
693		693	bwtlr xauhq yrhefk
693	wnhus yrhefk	693	luxgcn
693	yrhefk	693	undh gaodyv
694		694	felmpa loit vhok
694	felmpa eadvrq	694	wmenbv
694	loit felmpa	694	ageds
694	qnjcg	694	pvgmj felmpa
694	vafluy felmpa	694	sohyp
695	luxgcn bhck	695	qmbg
695	xnwpjc wifezo	695	qmbg
695	wbruv qmbg	695	ucygw
695		695	qmbg labgzu whcodq
695	luxgcn	695	bfnxqp qmbg
696	qmbg	696	ifmpql luxgcn
696	tekj phvy	696	qmbg
696	wnhus wmenbv	696	qmbg
696	zgovs qmbg	696	huatj
696		696	qmbg tekj jxnue
697		697	pvgmj riaglh qnjcg
697		697	dhfvbt pvgmj ageds
697		697	pvgmj nomxf htdp
697	pvgmj	697	jrvsyn pvgmj
697	jrldto	697	pvgmj wmenbv
698	wvncu	698	vwdz symc
698	srqh undh	698	wvncu
698	znve wvncu	698	nomxf
698	wvncu nfbr	698	luxgcn
698		698	undh wvncu ifmpql
699	eustbr nvzum	699	vwdz
699	sohyp	699	eustbr gyote
699		699	eustbr undh htdp
699	eustbr jrvsyn	699	lctk
699	vwdz	699	eustbr yrhefk
700	eolwrj	700	qxphf cmie
700	bfnxqp	700	qnjcg cmie
700	cmie	700	ivsl wmenbv
700	vafluy cmie	700	luxgcn
700		700	bemx dhfvbt cmie
701	jrldto	701	undh kritx
701	kritx ozbfep	701	zgovs
701	gjvfrk	701	kritx vwdz
701	ivsl	701	kritx wmenbv
701	qnjcg	701	gyote kritx
702	pvgmj	702	nfbr sohyp
702	ivsl	702	pvgmj vwdz
702	dprh wbruv	702	pvgmj
702	labhvz	702	loit pvgmj
702	labgzu	702	pvgmj gpirqx
703		703	labgzu ifmpql labhvz
703		703	labhvz gdpmf wmenbv
703		703	kfdo kritx labhvz
703	labhvz	703	nfbr vwdz
703		703	labhvz qchbfr vwdz
704	wumgnj	704	labgzu rpsdwm
704	rpsdwm	704	pvgmj labgzu
704		704	vafluy rpsdwm wmenbv
704	jxnue	704	jrvsyn rpsdwm
704		704	gcwu kfdo rpsdwm
705	labgzu	705	pnuvx qchbfr
705	pnuvx hjzrp	705	kfdo
705		705	pnuvx yetkah loit
705	vhok jrvsyn	705	pnuvx
705		705	pnuvx eolwrj qchbfr
706	loit yrhefk	706	qcbmaf
706	bdrlg qcbmaf	706	loit
706	kfdo	706	qcbmaf fqgoy
706	kfdo pmwct	706	qcbmaf
706	qcbmaf xnwpjc	706	lqfruw
707	nwujgx hzftxy	707	rtbh
707		707	ageds nomxf hzftxy
707	hzftxy kfdo	707	dprh
707		707	hzftxy xkoc xnwpjc
707	hzftxy vafluy	707	luxgcn
708	ngium	708	undh kmexju
708	sohyp kmexju	708	felmpa
708	vwdz vflcmn	708	kmexju
708	kmexju	708	xauhq nvzum
708	qmbg	708	vwdz kmexju
709	jrvsyn	709	gaodyv ozbfep
709		709	dszovj wbruv gaodyv
709		709	xsobi gaodyv vwdz
709	gaodyv	709	hjzrp xnwpjc
709	gaodyv	709	dprh tekj
710	labgzu	710	fhzb wfpev
710	amzktu	710	xauhq fhzb
710	qchbfr fhzb	710	labgzu
710	fhzb tqdef	710	wbruv
710		710	eadvrq fhzb yhca
711	kritx xzqg	711	zgovs
711		711	kritx cmie eolwrj
711	dprh	711	qnjcg kritx
711		711	phvy kritx zgovs
711	eolwrj	711	dwguv kritx
712	ifmpql jrvsyn	712	yvqwg
712	wvncu	712	yvqwg labgzu
712	nvzum	712	yvqwg wbruv
712		712	xnwpjc ageds yvqwg
712	yvqwg	712	yvqwg xnwpjc
713	vozgw loit	713	hzftxy
713		713	nomxf vozgw riaglh
713		713	kmexju xnwpjc vozgw
713		713	fpoxj jrvsyn vozgw
713	vozgw labgzu	713	lqfruw
714		714	wifezo yhca fhzb
714	jxnue	714	fhzb kfdo
714	eustbr zgovs	714	fhzb
714	fhzb	714	mugqw kfdo
714	jrldto fhzb	714	eolwrj
715		715	wbruv gtpv pvgmj
715	lqfruw	715	gtpv undh
715	dhfvbt gtpv	715	corlnu
715		715	gtpv nwujgx fhzb
715		715	whcodq luxgcn gtpv
716		716	dszovj yelgo dhfvbt
716	sbqmx zgovs	716	dszovj
716		716	vwdz dszovj wfpev
716		716	dszovj kfdo zbfj
716	vwdz	716	vaymp dszovj
717	qcbmaf undh	717	pvgmj
717		717	qmbg pvgmj nomxf
717		717	ucygw xnwpjc pvgmj
717	sohyp pvgmj	717	yetkah
717		717	pvgmj wbruv wumgnj
718	pthv yrhefk	718	luxgcn
718	yrhefk	718	jrvsyn vaymp
718	xkoc tekj	718	yrhefk
718	undh	718	yrhefk epqori
718	yrhefk fqgoy	718	wbruv
719		719	yvqwg zbfj qnjcg
719		719	luxgcn yvqwg phvy
719	vwdz	719	fmuejg yvqwg
719	yetkah	719	sohyp yvqwg
719		719	yvqwg loit wumgnj
720	wbruv ksjmwg	720	rybmae
720	rybmae tekj	720	srqh
720		720	rybmae loit kmexju
720	vwdz	720	yvqwg rybmae
720	rybmae	720	sohyp bfnxqp
721		721	ivsl tekj gyote
721	nwujgx huatj	721	gyote
721		721	xauhq nvzum gyote
721	huatj	721	wmenbv gyote
721	bwtlr gyote	721	xauhq
722	bhgk pvgmj	722	kfdo
722	pvgmj riaglh	722	loit
722		722	pvgmj bwcej qnjcg
722	pvgmj xauhq	722	qchbfr
722		722	labhvz nomxf pvgmj
723	yrhefk	723	svpqw eolwrj
723		723	svpqw xauhq dwguv
723	wumgnj	723	nomxf svpqw
723	dhfvbt svpqw	723	gpirqx
723		723	svpqw vafluy dhfvbt
724	dprh nomxf	724	pnuvx
724	dprh lctk	724	xauhq
724	whcodq dprh	724	dhfvbt
724		724	zgovs dprh xkoc
724		724	gcwu xauhq dprh
725	rtbh	725	sohyp bwcej
725	dwguv	725	bwcej luxgcn
725	bwcej	725	fqgoy xauhq
725	yhca	725	bwcej gdpmf
725	kfdo	725	dszovj bwcej
726	pmwct kfdo	726	ngium
726	luxgcn pmwct	726	wfpev
726	vflcmn	726	pmwct luxgcn
726		726	pmwct wbruv zilrh
726	pmwct epqori	726	nwujgx
727		727	ucygw qchbfr undh
727	agqv	727	undh qchbfr
727	qchbfr wmenbv	727	wumgnj
727	eustbr	727	qchbfr yhca
727	qchbfr	727	wmenbv vflcmn
728	fhzb loit	728	bwcej
728		728	ucygw undh bwcej
728	bwcej	728	hjzrp nomxf
728	bwcej nomxf	728	qchbfr
728	nomxf lmjoh	728	bwcej
729	loit dwguv	729	yelgo
729		729	xauhq fhzb dwguv
729		729	pvgmj dwguv undh
729		729	eolwrj dwguv eustbr
729		729	vwdz dwguv pthv
730	yhca ctsr	730	vflcmn
730	zbfj	730	ctsr vwdz
730	loit xzqg	730	ctsr
730	gdpmf ctsr	730	nomxf
730	ctsr gaodyv	730	kfdo
731		731	eolwrj omsaij bwcej
731	eolwrj rpsdwm	731	omsaij
731		731	omsaij eolwrj bdrlg
731		731	kfdo omsaij vafluy
731	omsaij vwdz	731	ctsr
732		732	omsaij yhca eustbr
732		732	omsaij loit wnhus
732	wfpev yhca	732	omsaij
732		732	omsaij vwdz hjzrp
732	omsaij	732	tekj ivsl
733		733	labgzu wnhus nvzum
733	dhfvbt	733	jxnue wnhus
733	wnhus omsaij	733	qnjcg
733		733	kmexju labgzu wnhus
733	vaymp	733	yhca wnhus
734	ctsr	734	gpirqx nwujgx
734		734	vaymp luxgcn gpirqx
734	undh ldwjum	734	gpirqx
734	tqdef tekj	734	gpirqx
734		734	gpirqx loit bwtlr
735	xsobi svpqw	735	vwdz
735		735	xsobi dwguv loit
735	ageds	735	xsobi wmenbv
735		735	vwdz xsobi eustbr
735	gyote	735	kfdo xsobi
736	eadvrq	736	qcbmaf labgzu
736	qcbmaf	736	ucygw nomxf
736		736	zilrh qcbmaf dhfvbt
736	qcbmaf	736	agqv zgovs
736		736	qcbmaf gdpmf zgovs
737		737	luxgcn xzqg ctsr
737	bwtlr zgovs	737	xzqg
737	qnjcg xzqg	737	nfbr
737	ngium	737	xzqg luxgcn
737	dprh wbruv	737	xzqg
738	tekj	738	qxphf corlnu
738	xsobi	738	qxphf loit
738	labgzu	738	bemx qxphf
738	bhgk	738	qxphf zgovs
738	luxgcn qxphf	738	corlnu
739	labhvz	739	dhfvbt gdpmf
739	ctsr	739	labgzu gdpmf
739		739	nwujgx gdpmf symc
739		739	pthv gdpmf yhca
739	wifezo gdpmf	739	xauhq
740	eustbr wumgnj	740	wmenbv
740		740	gcwu zgovs wumgnj
740	wumgnj bhck	740	wmenbv
740		740	wumgnj undh znve
740	hzftxy	740	wumgnj jrvsyn
741	mugqw ivsl	741	kfdo
741		741	mugqw vwdz eadvrq
741	mugqw	741	pnuvx undh
741	qnjcg	741	mugqw mldeqz
741	kfdo mugqw	741	wnhus
742		742	luxgcn phvy nvzum
742	phvy	742	tekj wvncu
742	labhvz tekj	742	phvy
742	phvy vwdz	742	sbqmx
742	eadvrq phvy	742	labgzu
743	wbruv	743	srqh gyote
743	nfbr	743	srqh loit
743	vozgw jrvsyn	743	srqh
743	tekj	743	srqh yetkah
743	undh	743	zbfj srqh
744	gjvfrk nvzum	744	xnwpjc
744	jhnt gjvfrk	744	yhca
744	gjvfrk hzftxy	744	vwdz
744	dprh	744	gjvfrk nwujgx
744		744	gjvfrk nwujgx rpsdwm
745		745	toxeyc ozbfep xauhq
745	luxgcn sbqmx	745	toxeyc
745	eolwrj toxeyc	745	jhnt
745		745	toxeyc bhgk luxgcn
745	eustbr	745	vwdz toxeyc
746		746	lctk ucygw zgovs
746	jrldto ucygw	746	luxgcn
746		746	ucygw kfdo dszovj
746	vwdz ucygw	746	wijbve
746	ucygw	746	xnwpjc pvgmj
747	sohyp ifmpql	747	rtbh
747	ifmpql	747	fpoxj yhca
747	eustbr	747	ifmpql zgovs
747	ifmpql	747	xnwpjc huatj
747		747	qcbmaf ifmpql xnwpjc
748	znve jrldto	748	sohyp
748	luxgcn jrldto	748	kritx
748		748	krqx labgzu jrldto
748		748	jrldto svpqw kfdo
748	bwtlr jrldto	748	dhfvbt
749	dwguv	749	ozbfep wbruv
749	gplh	749	xnwpjc ozbfep
749		749	ozbfep kfdo bwcej
749	ozbfep	749	fqgoy dhfvbt
749		749	krqx ozbfep dhfvbt
